Product,Flavor,13.6 Oz,13.6 Oz_offer_price,13.6 Oz_recommended_price,Grain_Free,Ingredients,URL,Rating,Reviews,2.5 Lb,2.5 Lb_offer_price,2.5 Lb_recommended_price,Life_Stage,30 Lb,30 Lb_offer_price,30 Lb_recommended_price,22 Lb,22 Lb_offer_price,22 Lb_recommended_price,13.4 Oz,13.4 Oz_offer_price,13.4 Oz_recommended_price,26.4 Lb,26.4 Lb_offer_price,26.4 Lb_recommended_price,3 Oz,3 Oz_offer_price,3 Oz_recommended_price,7.7 Lb,7.7 Lb_offer_price,7.7 Lb_recommended_price,3 Lb,3 Lb_offer_price,3 Lb_recommended_price,17.6 Lb,17.6 Lb_offer_price,17.6 Lb_recommended_price,25.3 Lb,25.3 Lb_offer_price,25.3 Lb_recommended_price,6.6 Lb,6.6 Lb_offer_price,6.6 Lb_recommended_price,8.8 Lb,8.8 Lb_offer_price,8.8 Lb_recommended_price,13.5 Oz,13.5 Oz_offer_price,13.5 Oz_recommended_price,35 Lb,35 Lb_offer_price,35 Lb_recommended_price,18 Lb,18 Lb_offer_price,18 Lb_recommended_price,28.6 Lb,28.6 Lb_offer_price,28.6 Lb_recommended_price,14 Oz,14 Oz_offer_price,14 Oz_recommended_price,10 Lb,10 Lb_offer_price,10 Lb_recommended_price,17 Lb,17 Lb_offer_price,17 Lb_recommended_price,5.1 Oz,5.1 Oz_offer_price,5.1 Oz_recommended_price,6 Lb,6 Lb_offer_price,6 Lb_recommended_price,2 Lb,2 Lb_offer_price,2 Lb_recommended_price,3.5 Lb,3.5 Lb_offer_price,3.5 Lb_recommended_price,16.5 Lb,16.5 Lb_offer_price,16.5 Lb_recommended_price
"Royal Canin Veterinary Diet Adult Urinary SO Loaf Canned Dog Food, 13.5 oz",Other,4.39,4.39,4.39,N/A,"Water Sufficient For Processing, Chicken Liver, Chicken By-Products, Pork By-Products, Corn Grits, Corn Starch, Vegetable Oil, Powdered Cellulose, Salt, Monocalcium Phosphate, Natural Flavors, Guar Gum, Potassium Chloride, Carob Bean Gum, Fish Oil, Taurine, Calcium Sulfate, Carrageenan, DL-Methionine, Choline Chloride, Vitamins [Vitamin E Supplement, DL-Alpha Tocopherol Acetate (Source Of Vitamin E), Biotin, D-Calcium Pantothenate, Vitamin A Acetate, Niacin Supplement, Pyridoxine Hydrochloride (Vitamin B6), Thiamine Mononitrate (Vitamin B1), Vitamin B12 Supplement, Riboflavin Supplement, Vitamin D3 Supplement, Folic Acid], Trace Minerals [Zinc Oxide, Ferrous Sulfate, Zinc Proteinate, Copper Sulfate, Manganous Oxide, Sodium Selenite, Calcium Iodate], Magnesium Oxide, Marigold Extract (Tagetes Erecta L.)","https://www.petsmart.com/dw/shop/v18_8/products/5083856?client_id=11d422c1-e017-4692-8ade-c0d36191da29&expand=prices,variations,availability,promotions,options",4.4737,95,,,,,,,,,,,,,,,,,,,,,,,,,,,,,,,,,,,,,,,,,,,,,,,,,,,,,,,,,,,,,,,,,,,,,,,,,
Royal Canin Miniature Schnauzer Puppy Breed Specific Dry Dog Food,Other,,,,No,,"https://www.petsmart.com/dw/shop/v18_8/products/5211540?client_id=11d422c1-e017-4692-8ade-c0d36191da29&expand=prices,variations,availability,promotions,options",4.6111,36,24.99,24.99,25.99,Puppy,,,,,,,,,,,,,,,,,,,,,,,,,,,,,,,,,,,,,,,,,,,,,,,,,,,,,,,,,,,,,,,,,,,,,
Royal Canin Large Adult 5+ Dry Dog Food for Older Dogs,Other,,,,No,Crude Protein (min.) 29.0% Crude Fat (min.) 18.0%  Crude Fiber (max.) 3.3%  Moisture (max.) 10.0%  Vitamin E (min.) 350 IU/kg,"https://www.petsmart.com/dw/shop/v18_8/products/5199271?client_id=11d422c1-e017-4692-8ade-c0d36191da29&expand=prices,variations,availability,promotions,options",4.8857,35,,,,Adult,84.99,84.99,84.99,,,,,,,,,,,,,,,,,,,,,,,,,,,,,,,,,,,,,,,,,,,,,,,,,,,,,,,,,,,,,,,,,,
Royal Canin Veterinary Diet Adult Gastrointestinal Dry Dog Food,Other,,,,N/A,Crude Protein (min.) 23.0%      Crude Fat (min.) 18.0%      Crude Fiber (max.) 3.3%      Moisture (max.) 10.0%      Eicosapentaenoic + Docosahexaenoic acid (EPA + DHA) (min.) 0.19%      Potassium (min.) 0.6%      Sodium (min.) 0.25%      Vitamin E (min.) 350 IU/kg      Ascorbic acid* (min.) 240 mg/kg      *Not recognized as an essential nutrient by the AAFCO Dog Food Nutrient Profiles.,"https://www.petsmart.com/dw/shop/v18_8/products/5158433?client_id=11d422c1-e017-4692-8ade-c0d36191da29&expand=prices,variations,availability,promotions,options",4.7459,122,,,,,,,,95.99,95.99,95.99,,,,,,,,,,,,,,,,,,,,,,,,,,,,,,,,,,,,,,,,,,,,,,,,,,,,,,,,,,,,,,,
Royal Canin Chihuahua Adult Dry Dog Food,Chicken & Rice,,,,No,"3,751 kcal/kg ME (323 kcal/cup ME)","https://www.petsmart.com/dw/shop/v18_8/products/5173226?client_id=11d422c1-e017-4692-8ade-c0d36191da29&expand=prices,variations,availability,promotions,options",4.8281,349,22.99,22.99,22.99,Adult,,,,,,,,,,,,,,,,,,,,,,,,,,,,,,,,,,,,,,,,,,,,,,,,,,,,,,,,,,,,,,,,,,,,,
Royal Canin Labrador Retriever Puppy Breed Specific Dry Dog Food,Chicken & Rice,,,,No,"Chicken By-Product Meal, Brewers Rice, Brown Rice, Corn Gluten Meal, Wheat Gluten, Corn, Chicken Fat, Natural Flavors, Dried Plain Beet Pulp, Fish Oil, Pea Fiber, Sodium Silico Aluminate, Egg Product, Vegetable Oil, Monocalcium Phosphate, Psyllium Seed Husk, Potassium Chloride, Calcium Carbonate, Fructooligosaccharides, Sodium Tripolyphosphate, Hydrolyzed Yeast (Source Of Betaglucans), Vitamins [DL-Alpha Tocopherol Acetate (Source Of Vitamin E), L-Ascorbyl-2-Polyphosphate (Source Of Vitamin C), Biotin, Niacin Supplement, D-Calcium Pantothenate, Pyridoxine Hydrochloride (Vitamin B6), Riboflavin Supplement, Vitamin A Acetate, Thiamine Mononitrate (Vitamin B1), Folic Acid, Vitamin B12 Supplement, Vitamin D3 Supplement, Menadione Sodium Bisulfite Complex], Salt, Trace Minerals [Zinc Proteinate, Ferrous Sulfate, Manganous Oxide, Sodium Selenite, Calcium Iodate], Choline Chloride, Glucosamine Hydrochloride, Taurine, Marigold Extract (Tagetes Erecta L.), DL-Methionine, L-Carnitine, Yucca Schidigera Extract, Chondroitin Sulfate, Carotene, Rosemary Extract, Preserved With Mixed Tocopherols And Citric Acid","https://www.petsmart.com/dw/shop/v18_8/products/5150140?client_id=11d422c1-e017-4692-8ade-c0d36191da29&expand=prices,variations,availability,promotions,options",4.8558,104,,,,Puppy,109.99,109.99,112.99,,,,,,,,,,,,,,,,,,,,,,,,,,,,,,,,,,,,,,,,,,,,,,,,,,,,,,,,,,,,,,,,,,
"Royal Canin Veterinary Diet Satiety Support Weight Management Adult Canned Dog Food, 13.4 oz can",N/A,,,,N/A,"Water Sufficient For Processing, Pork By-Products, Pork Liver, Chicken By-Products, Corn Meal, Powdered Cellulose, Pork Plasma, Dried Plain Beet Pulp, Wheat Gluten, Carob Bean Gum, Guar Gum, Carrageenan, Fish Oil, Natural Flavors, Potassium Chloride, Calcium Carbonate, Sodium Silico Aluminate, Taurine, Vitamins [DL-Alpha Tocopherol Acetate (Source Of Vitamin E), L-Ascorbyl-2-Polyphosphate (Source Of Vitamin C), Thiamine Mononitrate (Vitamin B1), Biotin, Niacin Supplement, D-Calcium Pantothenate, Riboflavin Supplement, Pyridoxine Hydrochloride (Vitamin B6), Vitamin B12 Supplement, Folic Acid, Vitamin D3 Supplement], L-Carnitine, Glucosamine Hydrochloride, Trace Minerals [Zinc Oxide, Ferrous Sulfate, Zinc Proteinate, Copper Sulfate, Manganous Oxide, Sodium Selenite, Calcium Iodate], Marigold Extract (Tagetes Erecta L.), Chondroitin Sulfate","https://www.petsmart.com/dw/shop/v18_8/products/5219579?client_id=11d422c1-e017-4692-8ade-c0d36191da29&expand=prices,variations,availability,promotions,options",4.5143,35,,,,Adult,,,,,,,4.39,4.39,4.39,,,,,,,,,,,,,,,,,,,,,,,,,,,,,,,,,,,,,,,,,,,,,,,,,,,,,,,,,,,,
Royal Canin Satiety Support Weight Management Adult Dry Dog Food,N/A,,,,N/A,"Powdered cellulose, chicken by-product meal, corn, wheat gluten, wheat, corn gluten meal, natural flavors, dried plain beet pulp, chicken fat, fish oil, pea fiber, potassium chloride, calcium carbonate, vegetable oil, psyllium seed husk, fructooligosaccharides, sodium tripolyphosphate, choline chloride, vitamins[DL-alpha tocopherol acetate (source of vitamin E), L-ascorbyl-2-polyphosphate (source of vitamin C), niacin supplement, biotin, riboflavin supplement, D-calcium pantothenate, thiamine mononitrate (vitamin B1), pyridoxine hydrochloride (vitamin B6), vitamin A acetate, vitamin B12 supplement, folic acid, vitamin D3 supplement], glucosamine hydrochloride, taurine, DL-methionine, L-lysine, salt, marigold extract (Tagetes erecta L.), magnesium oxide, trace minerals[zinc proteinate, zinc oxide, manganese proteinate, ferrous sulfate, manganous oxide, copper sulfate, calcium iodate, sodium selenite, copper proteinate], L-carnitine, chondroitin sulfate, rosemary extract, preserved with mixed tocopherols and citric acid.","https://www.petsmart.com/dw/shop/v18_8/products/5258073?client_id=11d422c1-e017-4692-8ade-c0d36191da29&expand=prices,variations,availability,promotions,options",4.5163,215,,,,Adult,,,,,,,,,,104.99,104.99,104.99,,,,,,,,,,,,,,,,,,,,,,,,,,,,,,,,,,,,,,,,,,,,,,,,,,,,,,,,,
Royal Canin Small Aging Senior Wet Dog Food - 3 oz,Other,,,,No,"Water Sufficient For Processing, Pork By-Products, Chicken, Pork Liver, Brewers Rice Flour, Wheat Gluten, Modified Corn Starch, Powdered Cellulose, Vegetable Oil, Pork Plasma, Fish Oil, Calcium Carbonate, Dicalcium Phosphate, Hydrolyzed Yeast, Sodium Silico Aluminate, Dried Tomato Pomace, Taurine, Natural Flavors, Carob Bean Gum, Potassium Chloride, Vitamins [Cholecalciferol (Source Of Vitamin D3), DL-Alpha Tocopherol Acetate (Source Of Vitamin E), Ascorbic Acid, Thiamine Mononitrate (Vitamin B1), Niacin Supplement, D-Calcium Pantothenate, Riboflavin Supplement, Pyridoxine Hydrochloride (Vitamin B6), Biotin, Folic Acid, Vitamin B12 Supplement], Sodium Tripolyphosphate, L-Carnitine, Caramel, L-Tryptophan, Marigold Extract (Tagetes Erecta L.), Magnesium Oxide, Sodium Carbonate, Trace Minerals [Zinc Sulfate, Ferrous Sulfate, Zinc Proteinate, Copper Sulfate, Manganese Sulfate, Calcium Iodate, Copper Proteinate, Manganese Proteinate], BHA, Propyl Gallate","https://www.petsmart.com/dw/shop/v18_8/products/5286403?client_id=11d422c1-e017-4692-8ade-c0d36191da29&expand=prices,variations,availability,promotions,options",4.814,86,,,,Senior,,,,,,,,,,,,,2.39,2.39,2.39,,,,,,,,,,,,,,,,,,,,,,,,,,,,,,,,,,,,,,,,,,,,,,,,,,,,,,
Royal Canin Rottweiler Puppy Breed Specific Dry Dog Food,N/A,,,,No,"Chicken By-Product Meal, Brewers Rice, Wheat Gluten, Brown Rice, Chicken Fat, Corn, Wheat, Pork Meal, Natural Flavors, Dried Plain Beet Pulp, Vegetable Oil,Sodium Silico Aluminate, Fish Oil, Monocalcium Phosphate, Pea Fiber, Potassium Chloride, Calcium Carbonate, Psyllium Seed Husk, Fructooligosaccharides, Sodium Tripolyphosphate, Vitamins [DL-Alpha Tocopherol Acetate (Source Of Vitamin E), Niacin Supplement, L-Ascorbyl-2-Polyphosphate (Source Of Vitamin C), D-Calcium Pantothenate, Biotin, Pyridoxine Hydrochloride (Vitamin B6), Riboflavin Supplement, Thiamine Mononitrate (Vitamin B1), Vitamin A Acetate, Folic Acid, Vitamin B12 Supplement, Vitamin D3 Supplement], Hydrolyzed Yeast (Source Of Betaglucans), Choline Chloride, L-Tyrosine, Taurine, Glucosamine Hydrochloride, L-Lysine, Marigold Extract (Tagetes Erecta L.), Trace Minerals [Zinc Proteinate, Zinc Oxide, Manganese Proteinate, Ferrous Sulfate, Manganous Oxide, Copper Sulfate, Calcium Iodate, Sodium Selenite, Copper Proteinate], Salt, L-Carnitine, DL-Methionine, Magnesium Oxide, Yucca Schidigera Extract, Chondroitin Sulfate, Carotene, Rosemary Extract, Preserved With Mixed TocopherolsAnd Citric Acid","https://www.petsmart.com/dw/shop/v18_8/products/5184510?client_id=11d422c1-e017-4692-8ade-c0d36191da29&expand=prices,variations,availability,promotions,options",4.8,35,,,,Puppy,109.99,109.99,112.99,,,,,,,,,,,,,,,,,,,,,,,,,,,,,,,,,,,,,,,,,,,,,,,,,,,,,,,,,,,,,,,,,,
Royal Canin Shih Tzu Puppy Breed Specific Dry Dog Food,Chicken,,,,No,Crude Protein (min.) 26% Crude Fat (min.) 16% Crude Fiber (max.) 3.6% Moisture (max.) 10% Vitamin E (min.) 500 IU/kg Vitamin A (min.) 13000 IU/kg Eicosapentaenoic Acid (EPA)* (min.) 0.18% Docosahexaenoic Acid (DHA)* (min.) 0.07% Taurine* (min. 0.2% Ascorbic Acid* (min.) 200 mg/kg Lutein* (min.) 5 mg/kg *Not recognized as an essential nutrient by the AAFCO Dog Food Nutrient Profiles.,"https://www.petsmart.com/dw/shop/v18_8/products/5184507?client_id=11d422c1-e017-4692-8ade-c0d36191da29&expand=prices,variations,availability,promotions,options",4.8305,118,24.99,24.99,25.99,,,,,,,,,,,,,,,,,,,,,,,,,,,,,,,,,,,,,,,,,,,,,,,,,,,,,,,,,,,,,,,,,,,,,,
Royal Canin Veterinary Diet Adult Hepatic Dry Dog Food,Other,,,,N/A,Crude Protein (min.) 14.0%  Crude Fat (min.) 14.0%  Crude Fiber (max.) 3.9%  Moisture (max.) 10.0%  Eicosapentaenoic + Docosahexaenoic acid (EPA + DHA) (min.) 0.12%  Copper (max.) 6 mg/kg  Vitamin E (min.) 350 IU/kg  Ascorbic acid* (min.) 230 mg/kg *Not recognized as an essential nutrient by the AAFCO Dog Food Nutrient Profiles.,"https://www.petsmart.com/dw/shop/v18_8/products/5179969?client_id=11d422c1-e017-4692-8ade-c0d36191da29&expand=prices,variations,availability,promotions,options",4.7308,130,,,,Adult,,,,,,,,,,,,,,,,49.99,49.99,49.99,,,,,,,,,,,,,,,,,,,,,,,,,,,,,,,,,,,,,,,,,,,,,,,,,,,
Royal Canin X-Small Puppy Dry Dog Food,Chicken & Rice,,,,No,"Brewers Rice, Chicken By-Product Meal, Chicken Fat, Wheat Gluten, Corn Gluten Meal, Corn, Dried Plain Beet Pulp, Natural Flavors, Fish Oil, Vegetable Oil, Sodium Silico Aluminate, Monocalcium Phosphate, Potassium Chloride, Fructooligosaccharides, Sodium Tripolyphosphate, Hydrolyzed Yeast (Source Of Betaglucans), Calcium Carbonate, Salt, Yucca Schidigera Extract, DL-Methionine, Vitamins [DL-Alpha Tocopherol Acetate (Source Of Vitamin E), L-Ascorbyl-2-Polyphosphate (Source Of Vitamin C), Biotin, D-Calcium Pantothenate, Vitamin A Acetate, Pyridoxine Hydrochloride (Vitamin B6), Niacin Supplement, Folic Acid,Thiamine Mononitrate (Vitamin B1), Vitamin B12 Supplement, Riboflavin Supplement, Vitamin D3 Supplement], L-Lysine, Choline Chloride, Taurine, Trace Minerals [Zinc Proteinate, Manganese Proteinate, Ferrous Sulfate, Zinc Oxide, Manganous Oxide, Copper Sulfate, Calcium Iodate, Sodium Selenite, Copper Proteinate], Marigold Extract (Tagetes Erecta L.), L-Carnitine, Carotene, Rosemary Extract, Preserved With Mixed Tocopherols And Citric Acid","https://www.petsmart.com/dw/shop/v18_8/products/5173175?client_id=11d422c1-e017-4692-8ade-c0d36191da29&expand=prices,variations,availability,promotions,options",4.8741,143,,,,Puppy,,,,,,,,,,,,,,,,,,,19.99,19.99,19.99,,,,,,,,,,,,,,,,,,,,,,,,,,,,,,,,,,,,,,,,,,,,,,,,
Royal Canin Yorkshire Terrier Puppy Breed Specific Dry Dog Food,Other,,,,No,Crude Protein (min.) 27% Crude Fat (min.) 18% Crude Fiber (max.) 3.5% Moisture (max.) 10% Vitamin E (min.) 500 IU/kg Omega 6 Fatty Acids* (min.) 3.6% Omega 3 Fatty Acids* (min.) 0.6% Eicosapentaenoic Acid (EPA)* (min.) 0.18% Docosahexaenoic Acid (DHA)* (min.) 0.08% Taurine* (min. 0.18% Ascorbic Acid* (min.) 200 mg/kg Biotin* (min.) 1.5 mg/kg Lutein* (min.) 5 mg/kg *Not recognized as an essential nutrient by the AAFCO Dog Food Nutrient Profiles.,"https://www.petsmart.com/dw/shop/v18_8/products/5150144?client_id=11d422c1-e017-4692-8ade-c0d36191da29&expand=prices,variations,availability,promotions,options",4.8344,163,24.99,24.99,25.99,Adult,,,,,,,,,,,,,,,,,,,,,,,,,,,,,,,,,,,,,,,,,,,,,,,,,,,,,,,,,,,,,,,,,,,,,
"Royal Canin Veterinary Diet Adult Glycobalance Loaf in Sauce Canned Dog Food, 13.4 oz",N/A,,,,N/A,"Water Sufficient For Processing, Pork By-Products, Chicken, Pork Liver, Chicken By-Products, Powdered Cellulose, Corn Meal, Wheat Gluten, Carrageenan, Pork Plasma, Carob Bean Gum, Guar Gum, Dried Plain Beet Pulp, Fish Oil, Calcium Carbonate, Taurine, Vitamins [L-Ascorbyl-2-Polyphosphate (Source Of Vitamin C), DL-Alpha Tocopherol Acetate (Source Of Vitamin E), Thiamine Mononitrate (Vitamin B1), Biotin, Niacin Supplement, D-Calcium Pantothenate, Riboflavin Supplement, Pyridoxine Hydrochloride (Vitamin B6), Vitamin B12 Supplement, Folic Acid, Vitamin D3 Supplement], Potassium Chloride, Citric Acid, L-Carnitine, Trace Minerals [Zinc Oxide, Ferrous Sulfate, Zinc Proteinate, Copper Sulfate, Manganous Oxide, Sodium Selenite, Calcium Iodate], Marigold Extract (Tagetes Erecta L.)","https://www.petsmart.com/dw/shop/v18_8/products/5192733?client_id=11d422c1-e017-4692-8ade-c0d36191da29&expand=prices,variations,availability,promotions,options",4.7282,103,,,,Adult,,,,,,,4.39,4.39,4.39,,,,,,,,,,,,,,,,,,,,,,,,,,,,,,,,,,,,,,,,,,,,,,,,,,,,,,,,,,,,
"Royal Canin Yorkshire Terrier Adult Breed Specific Wet Dog Food, 3 oz. can",N/A,,,,No,"958 kcal/kg ME, 81 kcal/can ME","https://www.petsmart.com/dw/shop/v18_8/products/5246952?client_id=11d422c1-e017-4692-8ade-c0d36191da29&expand=prices,variations,availability,promotions,options",4.767,103,,,,Adult,,,,,,,,,,,,,10.99,10.99,10.99,,,,,,,,,,,,,,,,,,,,,,,,,,,,,,,,,,,,,,,,,,,,,,,,,,,,,,
Royal Canin Veterinary Diet Adult Urinary SO Dry Dog Food,Other,,,,N/A,"Brewers Rice, Corn, Chicken Fat, Chicken By-Product Meal, Brewers Rice Flour, Corn Gluten Meal, Natural Flavors, Salt, Powdered Cellulose, Potassium Chloride, Vegetable Oil, Calcium Sulfate, Fish Oil, Monocalcium Phosphate, DL-Methionine, Fructooligosaccharides, L-Lysine, Choline Chloride, Taurine, Vitamins [DL-Alpha Tocopherol Acetate (Source Of Vitamin E), Biotin, D-Calcium Pantothenate, Vitamin A Acetate, Niacin Supplement, Pyridoxine Hydrochloride (Vitamin B6), Thiamine Mononitrate (Vitamin B1), Vitamin B12 Supplement, Riboflavin Supplement, Vitamin D3 Supplement, Folic Acid], Trace Minerals [Zinc Proteinate, Zinc Oxide, Ferrous Sulfate, Manganese Proteinate, Manganous Oxide, Copper Sulfate, Calcium Iodate, Sodium Selenite, Copper Proteinate], Marigold Extract (Tagetes Erecta L.), L-Tryptophan, Rosemary Extract, Preserved With Mixed Tocopherols And Citric Acid","https://www.petsmart.com/dw/shop/v18_8/products/5169127?client_id=11d422c1-e017-4692-8ade-c0d36191da29&expand=prices,variations,availability,promotions,options",4.7403,1032,,,,,,,,,,,,,,,,,,,,,,,,,,86.99,86.99,86.99,102.99,86.99,86.99,38.99,86.99,86.99,,,,,,,,,,,,,,,,,,,,,,,,,,,,,,,,,,,,,,,
Royal Canin Veterinary Diet Adult Urinary SO Small Breed Dry Dog Food,N/A,,,,N/A,"Brewers Rice, Corn, Chicken Fat, Chicken By-Product Meal, Corn Gluten Meal, Natural Flavors, Salt, Wheat Gluten, Powdered Cellulose, Potassium Chloride, Vegetable Oil, Calcium Sulfate, Monocalcium Phosphate, Fish Oil, DL-Methionine, Fructooligosaccharides, Sodium Tripolyphosphate, L-Lysine, Choline Chloride, Taurine, Trace Minerals [Zinc Proteinate, Manganese Proteinate, Ferrous Sulfate, Zinc Oxide, Manganous Oxide, Copper Sulfate, Calcium Iodate, Sodium Selenite, Copper Proteinate], Vitamins [DL-Alpha Tocopherol Acetate (Source Of Vitamin E), Biotin, D-Calcium Pantothenate, Vitamin A Acetate, Niacin Supplement, Pyridoxine Hydrochloride (Vitamin B6), Thiamine Mononitrate (Vitamin B1), Vitamin B12 Supplement, Riboflavin Supplement, Vitamin D3 Supplement, Folic Acid], Marigold Extract (Tagetes Erecta L.), Rosemary Extract, Preserved With Mixed Tocopherols And Citric Acid","https://www.petsmart.com/dw/shop/v18_8/products/5169132?client_id=11d422c1-e017-4692-8ade-c0d36191da29&expand=prices,variations,availability,promotions,options",4.8168,273,,,,Adult,,,,,,,,,,,,,,,,,,,,,,,,,,,,,,,54.99,54.99,54.99,,,,,,,,,,,,,,,,,,,,,,,,,,,,,,,,,,,,
"Royal Canin Veterinary Diet Renal Support E Adult Wet Dog Food - Loaf, 13.5-oz",N/A,,,,N/A,"Water Sufficient For Processing, Brewers Rice, Pork By-Products, Chicken By-Products, Chicken Liver, Corn Flour, Vegetable Oil, Natural Flavors, Powdered Cellulose, Fish Oil, Potassium Citrate, Carob Bean Gum, Calcium Carbonate, Guar Gum, Taurine, Carrageenan, Dried Plain Beet Pulp, Vitamins [DL-Alpha Tocopherol Acetate (Source Of Vitamin E), L-Ascorbyl-2-Polyphosphate (Source Of Vitamin C), Thiamine Mononitrate (Vitamin B1), Biotin, Niacin Supplement, D-Calcium Pantothenate, Riboflavin Supplement, Pyridoxine Hydrochloride (Vitamin B6), Vitamin B12 Supplement, Folic Acid, Vitamin D3 Supplement], Choline Chloride, Sodium Tripolyphosphate, Salt, Fructooligosaccharides, Magnesium Oxide, Sodium Silico Aluminate, Trace Minerals [Zinc Oxide, Ferrous Sulfate, Zinc Proteinate, Copper Sulfate, Manganous Oxide, Sodium Selenite, Calcium Iodate], Marigold Extract (Tagetes Erecta L.), Citric Acid","https://www.petsmart.com/dw/shop/v18_8/products/5258067?client_id=11d422c1-e017-4692-8ade-c0d36191da29&expand=prices,variations,availability,promotions,options",4.4118,68,,,,Adult,,,,,,,,,,,,,,,,,,,,,,,,,,,,,,,,,,4.39,4.39,4.39,,,,,,,,,,,,,,,,,,,,,,,,,,,,,,,,,
Royal Canin Veterinary Diet Adult Hydrolyzed Protein Small Breed Dry Dog Food,Other,,,,N/A,"Brewers Rice, Hydrolyzed Soy Protein, Chicken Fat, Natural Flavors, Vegetable Oil, Dried Plain Beet Pulp, Sodium Silico Aluminate, Calcium Sulfate, Salt, Fish Oil, Monocalcium Phosphate, Fructooligosaccharides, Potassium Chloride, Calcium Carbonate, Sodium Tripolyphosphate, DL-Methionine, Taurine, Vitamins [DL-Alpha Tocopherol Acetate (Source Of Vitamin E), Niacin Supplement, L-Ascorbyl-2-Polyphosphate (Source Of Vitamin C), D-Calcium Pantothenate, Biotin, Pyridoxine Hydrochloride (Vitamin B6), Riboflavin Supplement, Thiamine Mononitrate (Vitamin B1), Vitamin A Acetate, Vitamin B12 Supplement, Folic Acid], Choline Chloride, Trace Minerals [Zinc Proteinate, Zinc Oxide, Manganese Proteinate, Manganous Oxide, Copper Sulfate, Ferrous Sulfate, Sodium Selenite, Copper Proteinate, Calcium Iodate], GLA Safflower Oil, Marigold Extract (Tagetes Erecta L.), Magnesium Oxide, Rosemary Extract, Preserved With Mixed Tocopherols And Citric Acid","https://www.petsmart.com/dw/shop/v18_8/products/5162835?client_id=11d422c1-e017-4692-8ade-c0d36191da29&expand=prices,variations,availability,promotions,options",4.8146,178,,,,Adult,,,,,,,,,,,,,,,,,,,,,,,,,,,,,,,58.99,58.99,58.99,,,,,,,,,,,,,,,,,,,,,,,,,,,,,,,,,,,,
"Royal Canin Chihuahua Adult Breed Specific Wet Dog Food, 3 oz. can",N/A,,,,No,"914 kcal/kg ME, 78 kcal/can ME","https://www.petsmart.com/dw/shop/v18_8/products/5246951?client_id=11d422c1-e017-4692-8ade-c0d36191da29&expand=prices,variations,availability,promotions,options",4.7207,111,,,,Adult,,,,,,,,,,,,,10.99,10.99,10.99,,,,,,,,,,,,,,,,,,,,,,,,,,,,,,,,,,,,,,,,,,,,,,,,,,,,,,
Royal Canin Poodle Puppy Breed Specific Dry Dog Food,Other,,,,No,"Chicken By-Product Meal, Brewers Rice, Wheat Gluten, Chicken Fat, Corn, Corn Gluten Meal, Wheat, Natural Flavors, Dried Plain Beet Pulp, Fish Oil, Monocalcium Phosphate, Vegetable Oil, Sodium Silico Aluminate, Calcium Sulfate, Potassium Chloride, Psyllium Seed Husk, Calcium Carbonate, Salt, Fructooligosaccharides, Sodium Tripolyphosphate, Vitamins [DL-Alpha Tocopherol Acetate (Source Of Vitamin E), Niacin Supplement, L-Ascorbyl-2-Polyphosphate (Source Of Vitamin C), D-Calcium Pantothenate, Biotin, Pyridoxine Hydrochloride (Vitamin B6), Riboflavin Supplement, Thiamine Mononitrate (Vitamin B1), Vitamin A Acetate, Folic Acid, Vitamin B12 Supplement, Vitamin D3 Supplement], Hydrolyzed Yeast (Source Of Betaglucans), DL-Methionine, L-Lysine, Choline Chloride, Taurine, Cystine, Trace Minerals [Zinc Proteinate, Zinc Oxide, Manganese Proteinate, Ferrous Sulfate, Manganous Oxide, Copper Sulfate, Calcium Iodate, Sodium Selenite, Copper Proteinate], Marigold Extract (Tagetes Erecta L.), Yucca Schidigera Extract, L-Carnitine, Carotene, Rosemary Extract, Preserved With Mixed Tocopherols And Citric Acid","https://www.petsmart.com/dw/shop/v18_8/products/5211538?client_id=11d422c1-e017-4692-8ade-c0d36191da29&expand=prices,variations,availability,promotions,options",4.7381,42,24.99,24.99,25.99,Puppy,,,,,,,,,,,,,,,,,,,,,,,,,,,,,,,,,,,,,,,,,,,,,,,,,,,,,,,,,,,,,,,,,,,,,
Royal Canin Veterinary Diet Adult Ultamino Dry Dog Food,N/A,,,,N/A,"Corn Starch, Hydrolyzed Poultry By-Products Aggregate, Coconut Oil, Soybean Oil, Natural Flavors, Potassium Phosphate, Powdered Cellulose, Calcium Carbonate, Sodium Silico Aluminate Chicory, L-Tyrosine, Fructooligosaccharides, Fish Oil, L-Lysine, Choline Chloride, Taurine, L-Tryptophan, Vitamins (DL-Alpha Tocopherol (Source Of Vitamin E), Inositol, Niacin Supplement, L-Ascorbyl-2-Polyphosphate (Source Of Vitamin C), D-Calcium Pantothenate, Biotin, Pyridoxine Hydrochloride (Vitamin B6), Riboflavin Supplement, Thiamine Mononitrate (Vitamin B), Viamin A Acetate, Folic Acid, Vitamin B12 Supplement, Vitamin D3 Supplement), DL-Mehtionine, Marigold Extrct (Tagetes Erecta L0, Histidine, Trace Minerals (Zinc Proteinatem Zinc Oxide, Ferrous Sulfate, Manganese Proteinate, Copper Proteinate, Copper Sulfate, Manganous Oxide, Calcium Iodate, Sodium Selenite), Rosemary Extract, Preserved With Mixed Tocopherols And Citric Acid","https://www.petsmart.com/dw/shop/v18_8/products/5238754?client_id=11d422c1-e017-4692-8ade-c0d36191da29&expand=prices,variations,availability,promotions,options",4.7593,216,,,,,,,,,,,,,,,,,,,,,,,,,,,,,,,,,,,68.99,68.99,68.99,,,,,,,,,,,,,,,,,,,,,,,,,,,,,,,,,,,,
Royal Canin Large Puppy Dry Dog Food,Chicken & Rice,,,,No,"Corn, Chicken By-Product Meal, Wheat, Wheat Gluten, Chicken Fat, Brewers Rice, Corn Gluten Meal, Natural Flavors, Brewers Rice Flour, Dried Plain Beet Pulp, Monocalcium Phosphate, Sodium Silico Aluminate, Vegetable Oil, Fish Oil, Salt, Psyllium Seed Husk, Calcium Carbonate, Potassium Chloride, Fructooligosaccharides, Hydrolyzed Yeast (Source Of Betaglucans), Yucca Schidigera Extract, DL-Methionine, Taurine, Vitamins [DL-Alpha Tocopherol Acetate (Source Of Vitamin E), L-Ascorbyl-2-Polyphosphate (Source Of Vitamin C), Biotin, D-Calcium Pantothenate, Vitamin A Acetate, Niacin Supplement, Pyridoxine Hydrochloride (Vitamin B6), Thiamine Mononitrate (Vitamin B1), Vitamin B12 Supplement, Riboflavin Supplement, Vitamin D3 Supplement, Folic Acid], Choline Chloride, Trace Minerals [Zinc Proteinate, Zinc Oxide, Manganese Proteinate, Ferrous Sulfate, Manganous Oxide, Copper Sulfate, Calcium Iodate, Sodium Selenite, Copper Proteinate], Glucosamine Hydrochloride, Marigold Extract (Tagetes Erecta L.), L-Lysine, Carotene, Chondroitin Sulfate, Rosemary Extract, Preserved With Mixed Tocopherols And Citric Acid","https://www.petsmart.com/dw/shop/v18_8/products/5199269?client_id=11d422c1-e017-4692-8ade-c0d36191da29&expand=prices,variations,availability,promotions,options",4.875,144,,,,Puppy,,,,,,,,,,,,,,,,,,,,,,,,,,,,,,,,,,,,,92.99,92.99,95.99,61.99,92.99,95.99,,,,,,,,,,,,,,,,,,,,,,,,,,,
Royal Canin Veterinary Diet Adult Urinary SO Moderate Calorie Dry Dog Food,Other,,,,N/A,"Corn, Brewers Rice, Brown Rice, Chicken By-Product Meal, Corn Gluten Meal, Powdered Cellulose, Chicken Fat, Dried Chicory Root, Natural Flavors, Salt, Wheat Gluten, Vegetable Oil, Potassium Chloride, Calcium Sulfate, Fish Oil, Monocalcium Phosphate, DL-Methionine, Fructooligosaccharides, L-Lysine, Choline Chloride, Taurine, Vitamins [DL-Alpha Tocopherol Acetate (Source Of Vitamin E), Biotin, D-Calcium Pantothenate, Vitamin A Acetate, Niacin Supplement, Pyridoxine Hydrochloride (Vitamin B6), Thiamine Mononitrate (Vitamin B1), Vitamin B12 Supplement, Riboflavin Supplement, Vitamin D3 Supplement, Folic Acid], Trace Minerals [Zinc Oxide, Ferrous Sulfate, Manganous Oxide, Copper Sulfate, Sodium Selenite, Calcium Iodate], Marigold Extract (Tagetes Erecta L.), L-Carnitine, Rosemary Extract, Preserved With Mixed Tocopherols And Citric Acid","https://www.petsmart.com/dw/shop/v18_8/products/5169133?client_id=11d422c1-e017-4692-8ade-c0d36191da29&expand=prices,variations,availability,promotions,options",4.7767,533,,,,,,,,,,,,,,,,,,,,,,,,,,90.99,90.99,90.99,,,,,,,,,,,,,,,,,,,,,,,,,,,,,,,,,,,,,,,,,,,,,
Royal Canin Veterinary Diet Adult Gastrointestinal Low Fat Dry Dog Food,N/A,,,,N/A,"Crude Protein (min.) 20.0%      Crude Fat (min.) 5.5%      Crude Fat (max.) 8.5%      Crude Fiber (max.) 3.9%      Moisture (max.) 10.0%      Eicosapentaenoic + Docosahexaenoic acid (EPA + DHA) (min.) 0.09%      Potassium (min.) 0.6%      Sodium (min.) 0.25%      Vitamin E (min.) 315 IU/kg      Ascorbic acid* (min.) 240 mg/kg      
*Not recognized as an essential nutrient by the AAFCO Dog Food Nutrient Profiles.","https://www.petsmart.com/dw/shop/v18_8/products/5274076?client_id=11d422c1-e017-4692-8ade-c0d36191da29&expand=prices,variations,availability,promotions,options",4.7481,643,,,,,,,,,,,,,,,,,,,,,,,,,,,,,,,,,,,,,,,,,,,,,,,119.99,119.99,119.99,,,,,,,,,,,,,,,,,,,,,,,,
"Royal Canin Veterinary Diet Adult Gastrointestinal Loaf Canned Dog Food, 13.5 oz",Other,,,,N/A,Crude Protein (min.) 7.3%  Crude Fat (min.) 4.5%  Crude Fiber (max.) 2.7%  Moisture (max.) 75.7%  Eicosapentaenoic + Docosahexaenoic acid (EPA + DHA) (min.)0.08%  Vitamin E (min.) 95 IU/kg  Ascorbic acid* (min.) 99 mg/kg  *Not recognized as an essential nutrient by the AAFCO Dog Food Nutrient Profiles.,"https://www.petsmart.com/dw/shop/v18_8/products/5130814?client_id=11d422c1-e017-4692-8ade-c0d36191da29&expand=prices,variations,availability,promotions,options",4.624,125,,,,,,,,,,,,,,,,,,,,,,,,,,,,,,,,,,,,,,,,,,,,,,,,,,4.39,4.39,4.39,,,,,,,,,,,,,,,,,,,,,
Royal Canin Dachshund Puppy Breed Specific Dry Dog Food,Other,,,,No,"Chicken By-Product Meal, Brown Rice, Brewers Rice, Corn, Wheat Gluten, Chicken Fat, Dried Plain Beet Pulp, Natural Flavors, Vegetable Oil, Fish Oil, Sodium Silico Aluminate, Potassium Chloride, Calcium Carbonate, Monocalcium Phosphate, Fructooligosaccharides, Sodium Tripolyphosphate, Vitamins [DL-Alpha Tocopherol Acetate (Source Of Vitamin E), Niacin Supplement, L-Ascorbyl-2-Polyphosphate (Source Of Vitamin C), D-Calcium Pantothenate, Biotin, Pyridoxine Hydrochloride (Vitamin B6), Riboflavin Supplement, Thiamine Mononitrate (Vitamin B1), Vitamin A Acetate, Folic Acid, Vitamin B12 Supplement, Vitamin D3 Supplement], Hydrolyzed Yeast (Source Of Betaglucans), Salt, Choline Chloride, Marigold Extract (Tagetes Erecta L.), DL-Methionine, L-Lysine, Trace Minerals [Zinc Proteinate, Zinc Oxide, Manganese Proteinate, Ferrous Sulfate, Manganous Oxide, Copper Sulfate, Calcium Iodate, Sodium Selenite, Copper Proteinate], Taurine, Glucosamine Hydrochloride, Yucca Schidigera Extract, L-Carnitine, Chondroitin Sulfate, Carotene, Rosemary Extract, Preserved With Mixed Tocopherols And Citric Acid","https://www.petsmart.com/dw/shop/v18_8/products/5211539?client_id=11d422c1-e017-4692-8ade-c0d36191da29&expand=prices,variations,availability,promotions,options",4.6364,55,24.99,24.99,25.99,Puppy,,,,,,,,,,,,,,,,,,,,,,,,,,,,,,,,,,,,,,,,,,,,,,,,,,,,,,,,,,,,,,,,,,,,,
Royal Canin® Breed Health Nutrition Rottweiler Dry Dog Food,N/A,,,,N/A,"Chicken By-Product Meal, Chicken Fat, Brown Rice, Corn, Brewers Rice, Wheat Gluten, Wheat, Corn Gluten Meal, Natural Flavors, Fish Oil, Dried Plain Beet Pulp, Vegetable Oil, Sodium Silico Aluminate, Powdered Cellulose, Calcium Carbonate, Potassium Chloride, L-Tyrosine, Vitamins [DL-Alpha Tocopherol Acetate (Source Of Vitamin E), Niacin Supplement, L-Ascorbyl-2-Polyphosphate (Source Of Vitamin C), D-Calcium Pantothenate, Biotin, Pyridoxine Hydrochloride (Vitamin B6), Riboflavin Supplement, Thiamine Mononitrate (Vitamin B1), Vitamin A Acetate, Folic Acid, Vitamin B12 Supplement, Vitamin D3 Supplement], Sodium Tripolyphosphate, Potassium Citrate, Hydrolyzed Yeast, Choline Chloride, Taurine, Glucosamine Hydrochloride, Salt, L-Carnitine, DL-Methionine, Trace Minerals [Zinc Proteinate, Zinc Oxide, Manganese Proteinate, Ferrous Sulfate, Manganous Oxide, Copper Sulfate, Calcium Iodate, Sodium Selenite, Copper Proteinate], Marigold Extract (Tagetes Erecta L.), L-Lysine, Magnesium Oxide, Green Tea Extract, Chondroitin Sulfate, Rosemary Extract, Preserved With Mixed Tocopherols And Citric Acid","https://www.petsmart.com/dw/shop/v18_8/products/5336242?client_id=11d422c1-e017-4692-8ade-c0d36191da29&expand=prices,variations,availability,promotions,options",4.8235,34,,,,Adult,104.99,N/A,104.99,,,,,,,,,,,,,,,,,,,,,,,,,,,,,,,,,,,,,,,,,,,,,,,,,,,,,,,,,,,,,,,,,,
Royal Canin Pug Puppy Breed Specific Dry Dog Food,Other,,,,No,,"https://www.petsmart.com/dw/shop/v18_8/products/5211541?client_id=11d422c1-e017-4692-8ade-c0d36191da29&expand=prices,variations,availability,promotions,options",4.8276,58,24.99,24.99,25.99,,,,,,,,,,,,,,,,,,,,,,,,,,,,,,,,,,,,,,,,,,,,,,,,,,,,,,,,,,,,,,,,,,,,,,
Royal Canin Veterinary Diet Satiety Support Small Breed Adult Dry Dog Food,Other,,,,N/A,"Chicken By-Product Meal, Pea Fiber, Powdered Cellulose, Wheat Gluten, Tapioca, Wheat, Dried Chicory Root, Corn Gluten Meal, Corn, Natural Flavors, Chicken Fat, Psyllium Seed Husk, Fish Oil, Salt, Potassium Chloride, Fructooligosaccharides, Sodium Tripolyphosphate, Calcium Carbonate, Choline Chloride, Vitamins [DL-Alpha Tocopherol Acetate (Source Of Vitamin E), L-Ascorbyl-2-Polyphosphate (Source Of Vitamin C), Niacin Supplement, Biotin, Riboflavin Supplement, D-Calcium Pantothenate, Pyridoxine Hydrochloride (Vitamin B6), Thiamine Mononitrate (Vitamin B1), Vitamin A Acetate, Vitamin B12 Supplement, Folic Acid, Vitamin D3 Supplement], DL-Methionine, Taurine, N-Butyric Acid, Marigold Extract (Tagetes Erecta L.), Glucosamine Hydrochloride, L-Lysine, Trace Minerals [Zinc Proteinate, Zinc Oxide, Manganese Proteinate, Ferrous Sulfate, Manganous Oxide, Copper Sulfate, Calcium Iodate, Sodium Selenite, Copper Proteinate], Magnesium Oxide, L-Carnitine, Chondroitin Sulfate, Rosemary Extract, Preserved With Mixed Tocopherols And Citric Acid","https://www.petsmart.com/dw/shop/v18_8/products/5237023?client_id=11d422c1-e017-4692-8ade-c0d36191da29&expand=prices,variations,availability,promotions,options",4.8607,122,,,,Adult,,,,,,,,,,,,,,,,,,,,,,,,,,,,41.99,41.99,41.99,,,,,,,,,,,,,,,,,,,,,,,,,,,,,,,,,,,,,,,
Royal Canin Veterinary Diet Adult Renal Support S Dry Dog Food,Other,,,,N/A,"Brewers Rice, Corn, Chicken Fat, Brown Rice, Natural Flavors, Chicken By-Product Meal, Dried Plain Beet Pulp, Wheat Gluten, Fish Oil, Calcium Carbonate, Potassium Chloride, Powdered Psyllium Seed Husk, Sodium Silico Aluminate, DL-Methionine, Salt, L-Lysine, Fructooligosaccharides, Choline Chloride, Taurine, Potassium Citrate, Vitamins [DL-Alpha Tocopherol Acetate (Source Of Vitamin E), L-Ascorbyl-2-Polyphosphate (Source Of Vitamin C), Biotin, D-Calcium Pantothenate, Vitamin A Acetate, Niacin Supplement, Pyridoxine Hydrochloride (Vitamin B6), Thiamine Mononitrate (Vitamin B1), Vitamin B12 Supplement, Riboflavin Supplement, Vitamin D3 Supplement, Folic Acid], Magnesium Oxide, L-Tryptophan, Marigold Extract (Tagetes Erecta L.), Trace Minerals [Zinc Oxide, Ferrous Sulfate, Manganous Oxide, Copper Sulfate, Sodium Selenite, Calcium Iodate], Rosemary Extract, Preserved With Mixed Tocopherols And Citric Acid","https://www.petsmart.com/dw/shop/v18_8/products/5237018?client_id=11d422c1-e017-4692-8ade-c0d36191da29&expand=prices,variations,availability,promotions,options",4.6909,55,,,,Adult,,,,,,,,,,,,,,,,,,,,,,84.99,84.99,84.99,,,,,,,,,,,,,,,,,,,,,,,,,,,,,,,,,,,,,,,,,,,,,
Royal Canin® Breed Health Nutrition Jack Russell Terrier Dry Dog Food,N/A,,,,N/A,"Brewers Rice, Chicken By-Product Meal, Wheat Gluten, Wheat, Corn, Chicken Fat, Natural Flavors, Dried Plain Beet Pulp, Corn Gluten Meal, Fish Oil, Grain Distillers Dried Yeast, Vegetable Oil, Sodium Silico Aluminate, Calcium Carbonate, Potassium Chloride, Vitamins [DL-Alpha Tocopherol Acetate (Source Of Vitamin E), Niacin Supplement, L-Ascorbyl-2-Polyphosphate (Source Of Vitamin C), D-Calcium Pantothenate, Biotin, Pyridoxine Hydrochloride (Vitamin B6), Riboflavin Supplement, Thiamine Mononitrate (Vitamin B1), Vitamin A Acetate, Folic Acid, Vitamin B12 Supplement, Vitamin D3 Supplement], Salt, Fructooligosaccharides, Sodium Tripolyphosphate, Hydrolyzed Yeast, Choline Chloride, L-Lysine, DL-Methionine, Taurine, Magnesium Oxide, Trace Minerals [Zinc Proteinate, Zinc Oxide, Ferrous Sulfate, Manganese Proteinate, Manganous Oxide, Copper Sulfate, Calcium Iodate, Sodium Selenite, Copper Proteinate], Marigold Extract (Tagetes Erecta L.), Glucosamine Hydrochloride, L-Carnitine, Green Tea Extract, Chondroitin Sulfate, Rosemary Extract, Preserved With Mixed Tocopherols And Citric Acid","https://www.petsmart.com/dw/shop/v18_8/products/5336261?client_id=11d422c1-e017-4692-8ade-c0d36191da29&expand=prices,variations,availability,promotions,options",4.76,75,,,,Adult,,,,,,,,,,,,,,,,,,,,,,,,,,,,,,,,,,,,,,,,,,,,,,,,,56.99,N/A,56.99,,,,,,,,,,,,,,,,,,
Royal Canin Veterinary Diet Adult Hydrolyzed Protein PS Dry Dog Food,N/A,,,,N/A,,"https://www.petsmart.com/dw/shop/v18_8/products/5192766?client_id=11d422c1-e017-4692-8ade-c0d36191da29&expand=prices,variations,availability,promotions,options",4.8016,126,,,,Adult,,,,,,,,,,,,,,,,,,,,,,,,,,,,,,,57.99,57.99,57.99,,,,,,,,,,,,,,,,,,,,,,,,,,,,,,,,,,,,
Royal Canin® Digestive Care Medium Breed Dry Dog Food,N/A,,,,N/A,"Chicken By-Product Meal, Corn, Brewers Rice, Chicken Fat, Brown Rice, Corn Gluten Meal, Brewers Rice Flour, Natural Flavors, Dried Plain Beet Pulp, Fish Oil, Vegetable Oil, Pea Fiber, Sodium Silico Aluminate, Potassium Chloride, Calcium Carbonate, Salt, Fructooligosaccharides, Choline Chloride, Hydrolyzed Yeast, Taurine, Vitamins [DL-Alpha Tocopherol Acetate (Source Of Vitamin E), L-Ascorbyl-2-Polyphosphate (Source Of Vitamin C), Biotin, D-Calcium Pantothenate, Vitamin A Acetate, Pyridoxine Hydrochloride (Vitamin B6), Niacin Supplement, Folic Acid, Thiamine Mononitrate (Vitamin B1), Vitamin B12 Supplement, Riboflavin Supplement, Vitamin D3 Supplement], Trace Minerals [Zinc Proteinate, Manganese Proteinate, Zinc Oxide, Ferrous Sulfate, Manganous Oxide, Copper Sulfate, Calcium Iodate, Sodium Selenite, Copper Proteinate], DL-Methionine, GLA Safflower Oil, Marigold Extract (Tagetes Erecta L.), Magnesium Oxide, Rosemary Extract, Preserved With Mixed Tocopherols And Citric Acid","https://www.petsmart.com/dw/shop/v18_8/products/5336256?client_id=11d422c1-e017-4692-8ade-c0d36191da29&expand=prices,variations,availability,promotions,options",4.6957,23,,,,Adult,99.99,N/A,69.99,,,,,,,,,,,,,,,,,,,,,,,,,,,,,,,,,,,,,,,,,,,,,,,,,69.99,N/A,69.99,,,,,,,,,,,,,,,
Royal Canin® Digestive Care Large Breed Dry Dog Food,N/A,,,,N/A,"Chicken By-Product Meal, Brewers Rice, Brown Rice, Corn Gluten Meal, Chicken Fat, Natural Flavors, Brewers Rice Flour, Dried Plain Beet Pulp, Fish Oil, Wheat Gluten, Pea Fiber, Sodium Silico Aluminate, Vegetable Oil, Potassium Chloride, Calcium Carbonate, Salt, Psyllium Seed Husk, Hydrolyzed Yeast, Choline Chloride, Taurine, L-Lysine, Glucosamine Hydrochloride, Vitamins [DL-Alpha Tocopherol Acetate (Source Of Vitamin E), L-Ascorbyl-2-Polyphosphate (Source Of Vitamin C), Biotin, D-Calcium Pantothenate, Pyridoxine Hydrochloride (Vitamin B6), Vitamin A Acetate, Niacin Supplement, Thiamine Mononitrate (Vitamin B1), Vitamin B12 Supplement, Riboflavin Supplement, Folic Acid, Vitamin D3 Supplement], Trace Minerals [Zinc Proteinate, Zinc Oxide, Ferrous Sulfate, Manganese Proteinate, Manganous Oxide, Copper Sulfate, Calcium Iodate, Sodium Selenite, Copper Proteinate], Chondroitin Sulfate, L-Carnitine, Rosemary Extract, Preserved With Mixed Tocopherols And Citric Acid","https://www.petsmart.com/dw/shop/v18_8/products/5336255?client_id=11d422c1-e017-4692-8ade-c0d36191da29&expand=prices,variations,availability,promotions,options",4.5667,30,,,,Adult,99.99,N/A,99.99,,,,,,,,,,,,,,,,,,,,,,,,,,,,,,,,,,,,,,,,,,,,,,,,,,,,,,,,,,,,,,,,,,
Royal Canin Veterinary Diet Adult Selected Protein PW Moderate Calorie Dry Dog Food,N/A,,,,N/A,Crude Protein (min) 22.5% Crude Fat (min) 7.5% Crude Fiber (max) 9.8% Moisture (max) 10.0% Omega 3 Fatty Acids* (min) 0.79% Eicosapentaenoic Acid (EPA)* (min) 0.23% Docosahexaenoic Acid (DHA)* (min) 0.1% *Not recognized as an essential nutrient by the AAFCO Dog Food Nutrient Profiles.,"https://www.petsmart.com/dw/shop/v18_8/products/5258072?client_id=11d422c1-e017-4692-8ade-c0d36191da29&expand=prices,variations,availability,promotions,options",4.6739,46,,,,Adult,,,,,,,,,,,,,,,,58.99,58.99,58.99,,,,,,,,,,,,,,,,,,,,,,,,,,,,,,,,,,,,,,,,,,,,,,,,,,,
"Royal Canin Medium Puppy Dry Dog Food, 17 lb bag",Other,,,,N/A,"Chicken By-Product Meal, Chicken Fat, Brewers Rice, Corn, Wheat, Corn Gluten Meal, Dried Plain Beet Pulp, Wheat Gluten, Natural Flavors, Brewers Rice Flour, Fish Oil, Monocalcium Phosphate, Vegetable Oil, Sodium Silico Aluminate, Potassium Chloride, Salt, Fructooligosaccharides, Hydrolyzed Yeast (Source Of Betaglucans), Yucca Schidigera Extract, DL-Methionine, Vitamins [DL-Alpha Tocopherol Acetate (Source Of Vitamin E), L-Ascorbyl-2-Polyphosphate (Source Of Vitamin C), Biotin, D-Calcium Pantothenate, Vitamin A Acetate, Niacin Supplement, Pyridoxine Hydrochloride (Vitamin B6), Thiamine Mononitrate (Vitamin B1), Vitamin B12 Supplement, Riboflavin Supplement, Vitamin D3 Supplement, Folic Acid], Taurine, Monosodium Phosphate, Choline Chloride, Trace Minerals [Zinc Proteinate, Zinc Oxide, Manganese Proteinate, Ferrous Sulfate, Manganous Oxide, Copper Sulfate, Calcium Iodate, Sodium Selenite, Copper Proteinate], L-Lysine, Marigold Extract (Tagetes Erecta L.), Carotene, Rosemary Extract, Preserved With Mixed Tocopherols And Citric Acid","https://www.petsmart.com/dw/shop/v18_8/products/5200260?client_id=11d422c1-e017-4692-8ade-c0d36191da29&expand=prices,variations,availability,promotions,options",4.7769,121,,,,Puppy,,,,,,,,,,,,,,,,,,,,,,,,,,,,,,,,,,,,,,,,,,,,,,,,,,,,61.99,61.99,61.99,,,,,,,,,,,,,,,
Royal Canin Indoor Small Puppy Dry Dog Food,N/A,,,,No,,"https://www.petsmart.com/dw/shop/v18_8/products/5230991?client_id=11d422c1-e017-4692-8ade-c0d36191da29&expand=prices,variations,availability,promotions,options",4.8387,31,19.99,19.99,19.99,,,,,,,,,,,,,,,,,,,,,,,,,,,,,,,,,,,,,,,,,,,,,,,,,,,,,,,,,,,,,,,,,,,,,,
Royal Canin Veterinary Diet Adult Selected Protein PD Dry Dog Food,Other,,,,N/A,"Potato, Duck By-Product Meal, Coconut Oil, Potato Protein, Hydrolyzed Soy Protein, Natural Flavors, Vegetable Oil, Fish Oil, Monocalcium Phosphate, Choline Chloride, DL-Methionine, Calcium Carbonate, Salt, Vitamins [DL-Alpha Tocopherol Acetate (Source Of Vitamin E), L-Ascorbyl-2-Polyphosphate (Source Of Vitamin C), Biotin, D-Calcium Pantothenate, Vitamin A Acetate, Pyridoxine Hydrochloride (Vitamin B6), Niacin Supplement, Folic Acid, Thiamine Mononitrate (Vitamin B1), Vitamin B12 Supplement, Riboflavin Supplement, Vitamin D3 Supplement], Potassium Chloride, Trace Minerals [Zinc Proteinate, Zinc Oxide, Ferrous Sulfate, Manganese Proteinate, Manganous Oxide, Copper Sulfate, Sodium Selenite, Calcium Iodate, Copper Proteinate], Taurine, L-Lysine, Rosemary Extract, Preserved With Mixed Tocopherols And Citric Acid","https://www.petsmart.com/dw/shop/v18_8/products/5162817?client_id=11d422c1-e017-4692-8ade-c0d36191da29&expand=prices,variations,availability,promotions,options",4.8646,96,,,,Adult,,,,,,,,,,,,,,,,,,,,,,107.99,107.99,107.99,,,,,,,,,,,,,,,,,,,,,,,,,,,,,,,,,,,,,,,,,,,,,
Royal Canin Veterinary Diet Puppy Gastrointestinal Ultra Soft Mousse in Sauce Canned Dog Food,N/A,,,,N/A,"Water Sufficient For Processing, Chicken By-Products, Pork By-Products, Chicken, Chicken Liver, Brewers Rice Flour, Gelatin, Powdered Cellulose, Hydrolyzed Poultry By-Products Aggregate, Casein, Fish Oil, Sodium Tripolyphosphate, Pork Plasma, Calcium Carbonate, Carrageenan, Sodium Silico Aluminate, Hydrolyzed Yeast (Source Of Betaglucans), Natural Flavors, Guar Gum, Taurine, Potassium Chloride, Vitamins [L-Ascorbyl-2-Polyphosphate (Source Of Vitamin C), DL-Alpha Tocopherol Acetate (Source Of Vitamin E), Thiamine Mononitrate (Vitamin B1), Biotin, Niacin Supplement, D-Calcium Pantothenate, Riboflavin Supplement, Pyridoxine Hydrochloride (Vitamin B6), Vitamin B12 Supplement, Folic Acid, Vitamin D3 Supplement], Salt, Choline Chloride, Sodium Carbonate, Magnesium Oxide, Marigold Extract (Tagetes Erecta L.), Trace Minerals [Zinc Oxide, Ferrous Sulfate, Zinc Proteinate, Copper Sulfate, Manganous Oxide, Sodium Selenite, Calcium Iodate], Carotene","https://www.petsmart.com/dw/shop/v18_8/products/5306085?client_id=11d422c1-e017-4692-8ade-c0d36191da29&expand=prices,variations,availability,promotions,options",4.75,8,,,,Puppy,,,,,,,,,,,,,,,,,,,,,,,,,,,,,,,,,,,,,,,,,,,,,,,,,,,,,,,3.39,3.39,3.39,,,,,,,,,,,,
Royal Canin Veterinary Diet Puppy Gastrointestinal Dry Dog Food,Other,,,,N/A,Crude Protein (min.) 27.0%  Crude Fat (min.) 20.0%  Crude Fiber (max.) 3.6% Moisture (max.) 10.0%  Eicosapentaenoic + Docosahexaenoic acid (EPA + DHA)(min.) 0.2%  Calcium (min.) 1.08%  Potassium (min.) 0.6%  Sodium (min.) 0.4%  Vitamin E (min.) 350 IU/kg  Ascorbic acid* (min.) 320 mg/kg *Not recognized as an essential nutrient by the AAFCO Dog Food Nutrient Profiles.,"https://www.petsmart.com/dw/shop/v18_8/products/5158537?client_id=11d422c1-e017-4692-8ade-c0d36191da29&expand=prices,variations,availability,promotions,options",4.6512,43,,,,Puppy,,,,,,,,,,,,,,,,,,,,,,,,,,,,,,,56.99,56.99,56.99,,,,,,,,,,,,,,,,,,,,,,,,,,,,,,,,,,,,
Royal Canin® X-Small Breed Dry Dog Food,N/A,,,,N/A,"Brewers Rice, Corn, Chicken By-Product Meal, Chicken Fat, Corn Gluten Meal, Wheat Gluten, Natural Flavors, Dried Chicory Root, Vegetable Oil, Fish Oil, Psyllium Seed Husk, Potassium Chloride, Calcium Sulfate, Monocalcium Phosphate, Salt, L-Tyrosine, L-Lysine, Calcium Carbonate, DL-Methionine, Fructooligosaccharides, Sodium Tripolyphosphate, L-Arginine, Choline Chloride, Vitamins [DL-Alpha Tocopherol Acetate (Source Of Vitamin E), L-Ascorbyl-2-Polyphosphate (Source Of Vitamin C), Biotin, D-Calcium Pantothenate, Vitamin A Acetate, Pyridoxine Hydrochloride (Vitamin B6), Niacin Supplement, Folic Acid, Thiamine Mononitrate (Vitamin B1), Vitamin B12 Supplement, Riboflavin Supplement, Vitamin D3 Supplement], Magnesium Oxide, Trace Minerals [Zinc Proteinate, Zinc Oxide, Ferrous Sulfate, Manganese Proteinate, Manganous Oxide, Copper Sulfate, Calcium Iodate, Sodium Selenite, Copper Proteinate], L-Carnitine, Rosemary Extract, Preserved With Mixed Tocopherols And Citric Acid","https://www.petsmart.com/dw/shop/v18_8/products/5336259?client_id=11d422c1-e017-4692-8ade-c0d36191da29&expand=prices,variations,availability,promotions,options",4.9219,64,16.99,N/A,16.99,Adult,,,,,,,,,,,,,,,,,,,,,,,,,,,,,,,,,,,,,,,,,,,,,,,,,,,,,,,,,,,,,,,,,,,,,
Royal Canin Boxer Puppy Dry Dog Food,Other,,,,No,"3,756 kcal/kg ME (361 kcal/cup ME)","https://www.petsmart.com/dw/shop/v18_8/products/5211605?client_id=11d422c1-e017-4692-8ade-c0d36191da29&expand=prices,variations,availability,promotions,options",4.875,56,,,,Puppy,109.99,109.99,112.99,,,,,,,,,,,,,,,,,,,,,,,,,,,,,,,,,,,,,,,,,,,,,,,,,,,,,,,,,,,,,,,,,,
Royal Canin® Breed Health Nutrition Maltese Dry Dog Food,N/A,,,,N/A,"Brewers Rice, Corn, Chicken By-Product Meal, Chicken Fat, Wheat Gluten, Pork Meal, Natural Flavors, Dried Chicory Root, Vegetable Oil, Fish Oil, Grain Distillers Dried Yeast, Potassium Chloride, Sodium Silico Aluminate, Vitamins [DL-Alpha Tocopherol Acetate (Source Of Vitamin E), Niacin Supplement, L-Ascorbyl-2-Polyphosphate (Source Of Vitamin C), D-Calcium Pantothenate, Biotin, Pyridoxine Hydrochloride (Vitamin B6), Riboflavin Supplement, Thiamine Mononitrate (Vitamin B1), Vitamin A Acetate, Folic Acid, Vitamin B12 Supplement, Vitamin D3 Supplement], Salt, Fructooligosaccharides, Sodium Tripolyphosphate, Monocalcium Phosphate, Choline Chloride, DL-Methionine, Taurine, Calcium Carbonate, Marigold Extract (Tagetes Erecta L.), Trace Minerals [Zinc Proteinate, Zinc Oxide, Ferrous Sulfate, Manganese Proteinate, Manganous Oxide, Copper Sulfate, Calcium Iodate, Sodium Selenite, Copper Proteinate], Magnesium Oxide, L-Lysine, Glucosamine Hydrochloride, Green Tea Extract, Chondroitin Sulfate, Rosemary Extract, Preserved With Mixed Tocopherols And Citric Acid","https://www.petsmart.com/dw/shop/v18_8/products/5336240?client_id=11d422c1-e017-4692-8ade-c0d36191da29&expand=prices,variations,availability,promotions,options",4.8095,84,22.99,N/A,22.99,Adult,,,,,,,,,,,,,,,,,,,,,,,,,,,,,,,,,,,,,,,,,,,,,,,,,,,,,,,,,,,,,,,,,,,,,
"Royal Canin Dachshund Adult Breed Specific Wet Dog Food, 3 oz. can",N/A,,,,N/A,"Water Sufficient For Processing, Pork By-Products, Chicken By-Products, Chicken, Pork Liver, Chicken Liver, Corn Flour, Powdered Cellulose, Vegetable Oil, Fish Oil, Carrageenan, Sodium Tripolyphosphate, Carob Bean Gum, Calcium Carbonate, Potassium Chloride, Guar Gum, Taurine, Vitamins [L-Ascorbyl-2-Polyphosphate (Source Of Vitamin C), DL-Alpha Tocopherol Acetate (Source Of Vitamin E), Thiamine Mononitrate (Vitamin B1), Biotin, Niacin Supplement, D-Calcium Pantothenate, Riboflavin Supplement, Pyridoxine Hydrochloride (Vitamin B6), Vitamin B12 Supplement, Folic Acid, Vitamin D3 Supplement], Natural Flavors, DL-Methionine, Cysteine, Glycine, Glucosamine Hydrochloride, Sodium Carbonate, Magnesium Oxide, Trace Minerals [Zinc Oxide, Ferrous Sulfate, Zinc Proteinate, Copper Sulfate, Manganous Oxide, Sodium Selenite, Calcium Iodate], L-Carnitine, Marigold Extract (Tagetes Erecta L.), Chondroitin Sulfate","https://www.petsmart.com/dw/shop/v18_8/products/5246953?client_id=11d422c1-e017-4692-8ade-c0d36191da29&expand=prices,variations,availability,promotions,options",4.8,75,,,,,,,,,,,,,,,,,10.99,10.99,10.99,,,,,,,,,,,,,,,,,,,,,,,,,,,,,,,,,,,,,,,,,,,,,,,,,,,,,,
Royal Canin Veterinary Diet Puppy Gastrointestinal Dry Dog Food,N/A,,,,N/A,"Brewers Rice, Chicken By-Product Meal, Chicken Fat, Corn Gluten Meal, Natural Flavors, Dried Plain Beet Pulp, Wheat Gluten, Egg Product, Sodium Silico Aluminate, Monocalcium Phosphate, Fish Oil, Vegetable Oil, Pea Fiber, Potassium Chloride, Taurine, Salt, Powdered Psyllium Seed Husk, Fructooligosaccharides, Hydrolyzed Yeast (Source Of Betaglucans), DL-Methionine, Calcium Carbonate, Vitamins [DL-Alpha Tocopherol Acetate (Source Of Vitamin E), L-Ascorbyl-2-Polyphosphate (Source Of Vitamin C), Biotin, D-Calcium Pantothenate, Vitamin A Acetate, Niacin Supplement, Pyridoxine Hydrochloride (Vitamin B6), Thiamine Mononitrate (Vitamin B1), Vitamin B12 Supplement, Riboflavin Supplement, Vitamin D3 Supplement, Folic Acid], Choline Chloride, L-Lysine, Trace Minerals [Zinc Proteinate, Manganese Proteinate, Zinc Oxide, Ferrous Sulfate, Manganous Oxide, Copper Sulfate, Calcium Iodate, Sodium Selenite, Copper Proteinate], Marigold Extract (Tagetes Erecta L.), Carotene, Rosemary Extract, Preserved With Mixed Tocopherols And Citric Acid","https://www.petsmart.com/dw/shop/v18_8/products/5306086?client_id=11d422c1-e017-4692-8ade-c0d36191da29&expand=prices,variations,availability,promotions,options",4.5556,45,,,,Puppy,,,,109.99,109.99,109.99,,,,,,,,,,,,,,,,,,,,,,,,,,,,,,,,,,,,,,,,,,,,,,,,,,,,,,,,,,,,,,,
Royal Canin Veterinary Diet Adult Selected Protein PR Dry Dog Food,Other,,,,N/A,"Potato, Rabbit Meal, Coconut Oil, Hydrolyzed Soy Protein, Potato Protein, Natural Flavors, Vegetable Oil, Monocalcium Phosphate, Fish Oil, Calcium Carbonate, Choline Chloride, DL-Methionine, Salt, Potassium Chloride, Vitamins [DL-Alpha Tocopherol Acetate (Source Of Vitamin E), L-Ascorbyl-2-Polyphosphate (Source Of Vitamin C), Biotin, D-Calcium Pantothenate, Vitamin A Acetate, Pyridoxine Hydrochloride (Vitamin B6), Niacin Supplement, Folic Acid, Thiamine Mononitrate (Vitamin B1), Vitamin B12 Supplement, Riboflavin Supplement, Vitamin D3 Supplement], Taurine, Trace Minerals [Zinc Proteinate, Zinc Oxide, Ferrous Sulfate, Manganese Proteinate, Manganous Oxide, Copper Sulfate, Sodium Selenite, Calcium Iodate, Copper Proteinate], Rosemary Extract, Preserved With Mixed Tocopherols And Citric Acid","https://www.petsmart.com/dw/shop/v18_8/products/5162836?client_id=11d422c1-e017-4692-8ade-c0d36191da29&expand=prices,variations,availability,promotions,options",4.6429,168,,,,Adult,,,,,,,,,,,,,,,,,,,,,,109.99,109.99,109.99,,,,,,,,,,,,,,,,,,,,,,,,,,,,,,,,,,,,,,,,,,,,,
Royal Canin Veterinary Diet Adult Glycobalance Dry Dog Food,Other,,,,N/A,"Chicken By-Product Meal, Barley, Corn Gluten Meal, Powdered Cellulose, Wheat Gluten, Dried Plain Beet Pulp, Tapioca, Chicken Fat, Natural Flavors, Fish Oil, Psyllium Seed Husk, Potassium Chloride, Fructooligosaccharides, Salt, Choline Chloride, Vitamins [DL-Alpha Tocopherol Acetate (Source Of Vitamin E), L-Ascorbyl-2-Polyphosphate (Source Of Vitamin C), Biotin, D-Calcium Pantothenate, Vitamin A Acetate, Niacin Supplement, Pyridoxine Hydrochloride (Vitamin B6), Thiamine Mononitrate (Vitamin B1), Vitamin B12 Supplement, Riboflavin Supplement, Vitamin D3 Supplement, Folic Acid], Calcium Carbonate, Taurine, Trace Minerals [Zinc Proteinate, Zinc Oxide, Manganese Proteinate, Ferrous Sulfate, Manganous Oxide, Copper Sulfate, Calcium Iodate, Sodium Selenite, Copper Proteinate], Marigold Extract (Tagetes Erecta L.), L-Carnitine, Rosemary Extract, Preserved With Mixed Tocopherols And Citric Acid","https://www.petsmart.com/dw/shop/v18_8/products/5179967?client_id=11d422c1-e017-4692-8ade-c0d36191da29&expand=prices,variations,availability,promotions,options",4.5794,107,,,,,,,,,,,,,,,,,,,,,,,,,,87.99,87.99,87.99,,,,,,,,,,,,,,,,,,,,,,,,,,,,,,,,,,,,,,,,,,,,,
Royal Canin Veterinary Diet Adult Renal Support A Dry Dog Food,N/A,,,,N/A,"Brewers Rice, Chicken Fat, Corn, Corn Gluten Meal, Dried Plain Beet Pulp, Natural Flavors, Wheat Gluten, Fish Oil, Powdered Cellulose, Vegetable Oil, Potassium Chloride, Calcium Carbonate, Salt, Powdered Psyllium Seed Husk, Sodium Silico Aluminate, DL-Methionine, L-Lysine, Fructooligosaccharides, Taurine, Choline Chloride, Vitamins [DL-Alpha Tocopherol Acetate (Source Of Vitamin E), L-Ascorbyl-2-Polyphosphate (Source Of Vitamin C), Biotin, D-Calcium Pantothenate, Vitamin A Acetate, Niacin Supplement, Pyridoxine Hydrochloride (Vitamin B6), Thiamine Mononitrate (Vitamin B1), Vitamin B12 Supplement, Riboflavin Supplement, Vitamin D3 Supplement, Folic Acid], Trace Minerals [Zinc Proteinate, Manganese Proteinate, Zinc Oxide, Ferrous Sulfate, Manganous Oxide, Copper Sulfate, Calcium Iodate, Sodium Selenite, Copper Proteinate], Magnesium Oxide, L-Tryptophan, Marigold Extract (Tagetes Erecta L.), Rosemary Extract, Preserved With Mixed Tocopherols And Citric Acid","https://www.petsmart.com/dw/shop/v18_8/products/5258069?client_id=11d422c1-e017-4692-8ade-c0d36191da29&expand=prices,variations,availability,promotions,options",4.6588,85,,,,Adult,,,,,,,,,,,,,,,,,,,,,,,,,,,,,,,,,,,,,,,,,,,,,,,,,,,,,,,,,,36.99,36.99,36.99,,,,,,,,,
Royal Canin Size Health Nutrition Small Starter Adult Mother & Babydog Dry Dog Food,Other,,,,No,"Brewers Rice, Chicken By-Product Meal, Oat Groats, Wheat, Corn Gluten Meal, Chicken Fat, Natural Flavors, Dried Plain Beet Pulp, Fish Oil, Calcium Carbonate, Vegetable Oil, Potassium Chloride, Salt, Monocalcium Phosphate, Choline Chloride, Hydrolyzed Yeast, Vitamins [DL-Alpha Tocopherol Acetate (Source Of Vitamin E), L-Ascorbyl-2-Polyphosphate (Source Of Vitamin C), Biotin, D-Calcium Pantothenate, Vitamin A Acetate, Niacin Supplement, Pyridoxine Hydrochloride (Vitamin B6), Thiamine Mononitrate (Vitamin B1), Vitamin B12 Supplement, Riboflavin Supplement, Vitamin D3 Supplement, Folic Acid], L-Lysine, Trace Minerals [Zinc Proteinate, Zinc Oxide, Ferrous Sulfate, Manganese Proteinate, Manganous Oxide, Copper Sulfate, Calcium Iodate, Sodium Selenite, Copper Proteinate], Magnesium Oxide, Rosemary Extract, Preserved With Mixed Tocopherols And Citric Acid","https://www.petsmart.com/dw/shop/v18_8/products/5162082?client_id=11d422c1-e017-4692-8ade-c0d36191da29&expand=prices,variations,availability,promotions,options",4.8333,60,,,,,,,,,,,,,,,,,,,,,,,,,,,,,,,,,,,,,,,,,,,,,,,,,,,,,,,,,,,,,,,,,22.99,22.99,22.99,,,,,,
Royal Canin Chihuahua Puppy Dry Dog Food,Other,,,,No,"3,870 kcal/kg ME (352 kcal/cup ME)","https://www.petsmart.com/dw/shop/v18_8/products/5173225?client_id=11d422c1-e017-4692-8ade-c0d36191da29&expand=prices,variations,availability,promotions,options",4.9646,113,24.99,24.99,25.99,Puppy,,,,,,,,,,,,,,,,,,,,,,,,,,,,,,,,,,,,,,,,,,,,,,,,,,,,,,,,,,,,,,,,,,,,,
Royal Canin Veterinary Diet Adult Dental Small Breed Dry Dog Food,Other,,,,N/A,"Chicken By-Product Meal, Brewers Rice, Corn, Brown Rice, Corn Gluten Meal, Chicken Fat, Natural Flavors, Powdered Cellulose, Dried Plain Beet Pulp, Wheat Gluten, Calcium Sulfate, Salt, Fish Oil, Vegetable Oil, Potassium Chloride, Fructooligosaccharides, Sodium Tripolyphosphate, DL-Methionine, Choline Chloride, Taurine, L-Lysine, Tea, Marigold Extract (Tagetes Erecta L.), Vitamins [DL-Alpha-Tocopherol Acetate (Source Of Vitamin E), L-Ascorbyl-2-Polyphosphate (Source Of Vitamin C), Biotin, Pyridoxine Hydrochloride (Vitamin B6), D-Calcium Pantothenate, Vitamin A Acetate, Niacin Supplement, Thiamine Mononitrate (Vitamin B1), Vitamin B12 Supplement, Folic Acid, Riboflavin Supplement, Vitamin D3 Supplement], Trace Minerals [Zinc Proteinate, Zinc Oxide, Ferrous Sulfate, Manganese Proteinate, Manganous Oxide, Copper Sulfate, Calcium Iodate, Sodium Selenite, Copper Proteinate], L-Carnitine, Rosemary Extract, Preserved With Mixed Tocopherols And Citric Acid","https://www.petsmart.com/dw/shop/v18_8/products/5237021?client_id=11d422c1-e017-4692-8ade-c0d36191da29&expand=prices,variations,availability,promotions,options",4.8696,23,,,,Adult,,,,,,,,,,,,,,,,,,,,,,,,,,,,,,,49.99,49.99,49.99,,,,,,,,,,,,,,,,,,,,,,,,,,,,,,,,,,,,
Royal Canin® Digestive Care Small Breed Dry Dog Food,N/A,,,,N/A,"Chicken By-Product Meal, Corn, Chicken Fat, Brewers Rice, Corn Gluten Meal, Brewers Rice Flour, Natural Flavors, Wheat Gluten, Dried Plain Beet Pulp, Fish Oil, Vegetable Oil, Pea Fiber, Sodium Silico Aluminate, Potassium Chloride, Fructooligosaccharides, Sodium Tripolyphosphate, Vitamins [DL-Alpha Tocopherol Acetate (Source Of Vitamin E), Niacin Supplement, L-Ascorbyl-2-Polyphosphate (Source Of Vitamin C), D-Calcium Pantothenate, Biotin, PyridoxineHydrochloride (Vitamin B6), Riboflavin Supplement, Thiamine Mononitrate (Vitamin B1), Vitamin A Acetate, Folic Acid, Vitamin B12 Supplement, Vitamin D3 Supplement], Calcium Carbonate, Salt, Choline Chloride, Taurine, Magnesium Oxide, Trace Minerals [Zinc Proteinate, Zinc Oxide, Manganese Proteinate, Ferrous Sulfate, Manganous Oxide, Copper Sulfate, Calcium Iodate, Sodium Selenite, Copper Proteinate], Marigold Extract (Tagetes Erecta L.), Rosemary Extract, Preserved With Mixed Tocopherols And Citric Acid","https://www.petsmart.com/dw/shop/v18_8/products/5336239?client_id=11d422c1-e017-4692-8ade-c0d36191da29&expand=prices,variations,availability,promotions,options",4.8586,99,,,,Adult,,,,,,,,,,,,,,,,,,,,,,,,,,,,,,,,,,,,,,,,,,,,,,,,,,,,69.99,N/A,22.99,,,,,,,,,,22.99,N/A,22.99,,,
Royal Canin Veterinary Diet Satiety Support Weight Management Adult Dry Dog Food,Other,,,,N/A,"Powdered Cellulose, Chicken By-Product Meal, Corn, Wheat Gluten, Wheat, Corn Gluten Meal, Natural Flavors, Dried Plain Beet Pulp, Chicken Fat, Fish Oil, Pea Fiber, Potassium Chloride, Calcium Carbonate, Vegetable Oil, Psyllium Seed Husk, Fructooligosaccharides, Sodium Tripolyphosphate, Choline Chloride, Vitamins [DL-Alpha Tocopherol Acetate (Source Of Vitamin E), L-Ascorbyl-2-Polyphosphate (Source Of Vitamin C), Niacin Supplement, Biotin, Riboflavin Supplement, D-Calcium Pantothenate, Thiamine Mononitrate (Vitamin B1), Pyridoxine Hydrochloride (Vitamin B6), Vitamin A Acetate, Vitamin B12 Supplement, Folic Acid, Vitamin D3 Supplement], Glucosamine Hydrochloride, Taurine, DL-Methionine, L-Lysine, Salt, Marigold Extract (Tagetes Erecta L.), Magnesium Oxide, Trace Minerals [Zinc Proteinate, Zinc Oxide, Manganese Proteinate, Ferrous Sulfate, Manganous Oxide, Copper Sulfate, Calcium Iodate, Sodium Selenite, Copper Proteinate], L-Carnitine, Chondroitin Sulfate, Rosemary Extract, Preserved With Mixed Tocopherols And Citric Acid","https://www.petsmart.com/dw/shop/v18_8/products/5172842?client_id=11d422c1-e017-4692-8ade-c0d36191da29&expand=prices,variations,availability,promotions,options",4.5073,205,,,,Adult,,,,,,,,,,,,,,,,42.99,42.99,42.99,,,,84.99,42.99,42.99,,,,,,,,,,,,,,,,,,,,,,,,,,,,,,,,,,,,,,,,,,,,,
Royal Canin Veterinary Diet Adult Skin Support Dry Dog Food,N/A,,,,N/A,"Brown Rice, Fish Meal, Rice, Rice Protein, Chicken Fat, Natural Flavors, Powdered Cellulose, Dried Beet Pulp, Vegetable Oil, Fish Oil, Salt, Curcumin, Potassium Chloride, Taurine, DL-alpha Tocopherol Acetate (source Of Vitamin E), Inositol, Niacin Supplement, L-ascorbyl-2-polyphosphate (source Of Vitamin C), D-calcium Pantothenate, Biotin, Pyridoxine Hydrochloride (vitamin B6), Riboflavin Supplement (vitamin B2), Thiamine Mononitrate (vitamin B1), Vitamin A Acetate, Folic Acid, Vitamin B12 Supplement, Vitamin D3 Supplement, Choline Chloride, L-tyrosine, Monosodium Phosphate, Aloe Vera, Marigold Extract (Tagetes Erecta L.), Zinc Proteinate, Zinc Oxide, Ferrous Sulfate, Manganese Proteinate, Copper Proteinate, Copper Sulfate, Manganous Oxide, Calcium Iodate, Sodium Selenite And Rosemary Extract (preserved With Natural Mixed Tocopherols And Citric Acid)","https://www.petsmart.com/dw/shop/v18_8/products/5126378?client_id=11d422c1-e017-4692-8ade-c0d36191da29&expand=prices,variations,availability,promotions,options",4.8172,93,,,,Adult,,,,,,,,,,,,,,,,,,,,,,,,,,,,,,,,,,,,,,,,,,,,,,,,,,,,,,,,,,,,,,,,,,,102.99,102.99,102.99
Royal Canin Giant Puppy Dry Dog Food,Chicken & Rice,,,,N/A,"Brewers Rice, Chicken By-Product Meal, Wheat Gluten, Corn, Corn Gluten Meal, Chicken Fat, Natural Flavors, Dried Plain Beet Pulp, Sodium Silico Aluminate, Vegetable Oil, Fish Oil, Grain Distillers Dried Yeast, Salt, Potassium Phosphate, Psyllium Seed Husk, Potassium Chloride, Calcium Carbonate, Fructooligosaccharides, L-Lysine, Hydrolyzed Yeast, Choline Chloride, Taurine, DL-Methionine, Glucosamine Hydrochloride, L-Carnitine, Marigold Extract (Tagetes Erecta L.), Vitamins [DL-Alpha Tocopherol Acetate (Source Of Vitamin E), L-Ascorbyl-2-Polyphosphate (Source Of Vitamin C), Biotin, D-Calcium Pantothenate, Vitamin A Acetate, Niacin Supplement, Pyridoxine Hydrochloride (Vitamin B6), Thiamine Mononitrate (Vitamin B1), Vitamin B12 Supplement, Riboflavin Supplement, Folic Acid, Vitamin D3 Supplement], Trace Minerals (Zinc Proteinate, Zinc Oxide, Ferrous Sulfate, Manganese Proteinate, Manganous Oxide, Copper Sulfate, Calcium Iodate, Copper Proteinate, Sodium Selenite), Chondroitin Sulfate, Rosemary Extract, Preserved With Mixed Tocopherols And Citric Acid","https://www.petsmart.com/dw/shop/v18_8/products/5199388?client_id=11d422c1-e017-4692-8ade-c0d36191da29&expand=prices,variations,availability,promotions,options",4.7727,66,,,,Puppy,92.99,92.99,92.99,,,,,,,,,,,,,,,,,,,,,,,,,,,,,,,,,,,,,,,,,,,,,,,,,,,,,,,,,,,,,,,,,,
Royal Canin Veterinary Diet Adult Dental Medium and Large Breed Dry Dog Food,Other,,,,N/A,"Brewers Rice, Chicken By-Product Meal, Brown Rice, Corn, Chicken Fat, Natural Flavors, Wheat Gluten, Dried Plain Beet Pulp, Rice Hulls, Fish Oil, Egg Product, Grain Distillers Dried Yeast, Calcium Carbonate, Potassium Chloride, Sodium Silico Aluminate, Vegetable Oil, L-Tyrosine, Fructooligosaccharides, Salt, Sodium Tripolyphosphate, L-Lysine, Choline Chloride, Taurine, Glucosamine Hydrochloride, Tea, Vitamins [DL-Alpha-Tocopherol Acetate (Source Of Vitamin E), L-Ascorbyl-2-Polyphosphate (Source Of Vitamin C), Biotin, D-Calcium Pantothenate, Vitamin A Acetate, Niacin Supplement, Pyridoxine Hydrochloride (Vitamin B6), Thiamine Mononitrate (Vitamin B1), Vitamin B12 Supplement, Riboflavin Supplement, Folic Acid, Vitamin D3 Supplement], Trace Minerals [Zinc Proteinate, Zinc Oxide, Ferrous Sulfate, Manganese Proteinate, Manganous Oxide, Copper Sulfate, Calcium Iodate, Sodium Selenite, Copper Proteinate], Chondroitin Sulfate, Rosemary Extract, Preserved With Mixed Tocopherols And Citric Acid","https://www.petsmart.com/dw/shop/v18_8/products/5237022?client_id=11d422c1-e017-4692-8ade-c0d36191da29&expand=prices,variations,availability,promotions,options",4.7812,32,,,,Adult,,,,,,,,,,,,,,,,,,,,,,75.99,75.99,75.99,,,,,,,,,,,,,,,,,,,,,,,,,,,,,,,,,,,,,,,,,,,,,
Royal Canin® Weight Care Large Breed Dog Dry Food,N/A,,,,N/A,"Corn, Chicken By-Product Meal, Pea Fiber, Corn Gluten Meal, Wheat, Wheat Gluten, Barley, Natural Flavors, Chicken Fat, Dried Plain Beet Pulp, Powdered Cellulose, Fish Oil, Salt, Vegetable Oil, Psyllium Seed Husk, Sodium Silico Aluminate, Potassium Chloride, Fructooligosaccharides, Calcium Carbonate, Taurine, Choline Chloride, L-Lysine, Vitamins[DL-Alpha Tocopherol Acetate (Source Of Vitamin E), L-Ascorbyl-2-Polyphosphate (Source Of Vitamin C), Biotin, D-Calcium Pantothenate, Vitamin A Acetate, Pyridoxine Hydrochloride (Vitamin B6), Niacin Supplement, Folic Acid, Thiamine Mononitrate (Vitamin B1), Vitamin B12 Supplement, Riboflavin Supplement, Vitamin D3 Supplement], Glucosamine Hydrochloride, Trace Minerals[Zinc Proteinate, Manganese Proteinate, Zinc Oxide, Ferrous Sulfate, Manganous Oxide, Copper Sulfate, Calcium Iodate, Sodium Selenite, Copper Proteinate], DL-Methionine, Marigold Extract (Tagetes Erecta L.), L-Carnitine, Magnesium Oxide, Chondroitin Sulfate, Rosemary Extract,Preserved With Mixed Tocopherols And Citric Acid","https://www.petsmart.com/dw/shop/v18_8/products/5336243?client_id=11d422c1-e017-4692-8ade-c0d36191da29&expand=prices,variations,availability,promotions,options",4.8824,17,,,,Adult,99.99,N/A,99.99,,,,,,,,,,,,,,,,,,,,,,,,,,,,,,,,,,,,,,,,,,,,,,,,,,,,,,,,,,,,,,,,,,
Royal Canin Boxer Adult Dry Dog Food,N/A,,,,No,"Brown Rice, Brewers Rice, Chicken By-Product Meal, Chicken Fat, Oat Groats, Wheat Gluten, Pork Meal, Natural Flavors, Dried Plain Beet Pulp, Fish Oil, Vegetable Oil, Sodium Silico Aluminate, Powdered Cellulose, Calcium Carbonate, Dried Tomato Pomace, Coconut Oil, Potassium Chloride, Sodium Tripolyphosphate, Potassium Citrate, Salt, Taurine, Hydrolyzed Yeast, Vitamins [DL-Alpha Tocopherol Acetate (Source Of Vitamin E), Inositol, Niacin Supplement, L-Ascorbyl-2-Polyphosphate (Source Of Vitamin C), D-Calcium Pantothenate, Biotin, Pyridoxine Hydrochloride (Vitamin B6), Riboflavin Supplement, Thiamine Mononitrate (Vitamin B1), Vitamin A Acetate, Folic Acid, Vitamin B12 Supplement, Vitamin D3 Supplement], Choline Chloride, L-Tyrosine, Glucosamine Hydrochloride, L-Carnitine, Marigold Extract (Tagetes Erecta L.), DL-Methionine, L-Lysine, Trace Minerals [Zinc Proteinate, Zinc Oxide, Ferrous Sulfate, Manganese Proteinate, Manganous Oxide, Copper Sulfate, Calcium Iodate, Sodium Selenite, Copper Proteinate], Tea, Chondroitin Sulfate, Rosemary Extract, Preserved With Mixed Tocopherols And Citric Acid","https://www.petsmart.com/dw/shop/v18_8/products/5211759?client_id=11d422c1-e017-4692-8ade-c0d36191da29&expand=prices,variations,availability,promotions,options",4.908,163,,,,Adult,,,,,,,,,,,,,,,,,,,,,,,,,,,,,,,,,,,,,,,,,,,,,,,,,,,,69.99,69.99,69.99,,,,,,,,,,,,,,,
"Royal Canin Poodle Adult Breed Specific Wet Dog Food, 3 oz can",N/A,,,,N/A,"Water Sufficient For Processing, Pork By-Products, Chicken, Chicken By-Products, Pork Liver, Salmon, Corn Flour, Powdered Cellulose, Vegetable Oil, Carrageenan, Carob Bean Gum, Fish Oil, Sodium Tripolyphosphate, Pork Plasma, Calcium Carbonate, Potassium Chloride, Vitamins [L-Ascorbyl-2-Polyphosphate (Source Of Vitamin C), Niacin Supplement, DL-Alpha Tocopherol Acetate (Source Of Vitamin E), Biotin, D-Calcium Pantothenate, Thiamine Mononitrate (Vitamin B1), Riboflavin Supplement, Pyridoxine Hydrochloride (Vitamin B6), Folic Acid, Vitamin B12 Supplement, Vitamin D3 Supplement], Guar Gum, Taurine, Natural Flavors, DL-Methionine, Cysteine, Glycine, Trace Minerals [Zinc Oxide, Ferrous Sulfate, Zinc Proteinate, Copper Sulfate, Manganous Oxide, Sodium Selenite, Calcium Iodate], Sodium Carbonate, Magnesium Oxide, L-Carnitine, Marigold Extract (Tagetes Erecta L.)","https://www.petsmart.com/dw/shop/v18_8/products/5246954?client_id=11d422c1-e017-4692-8ade-c0d36191da29&expand=prices,variations,availability,promotions,options",4.7581,62,,,,Adult,,,,,,,,,,,,,10.99,10.99,10.99,,,,,,,,,,,,,,,,,,,,,,,,,,,,,,,,,,,,,,,,,,,,,,,,,,,,,,
Royal Canin® Breed Health Nutrition Pomeranian Dry Dog Food,N/A,,,,N/A,"Brewers Rice, Corn, Chicken By-Product Meal, Chicken Fat, Oat Groats, Wheat Gluten, Corn Gluten Meal, Brown Rice, Natural Flavors, Dried Chicory Root, Fish Oil, Vegetable Oil, Sodium Silico Aluminate, Calcium Carbonate, Potassium Chloride, Powdered Psyllium Seed Husk, Fructooligosaccharides, Sodium Tripolyphosphate, Vitamins [DL-Alpha Tocopherol Acetate (Source Of Vitamin E), Niacin Supplement, L-Ascorbyl-2-Polyphosphate (Source Of Vitamin C), D-Calcium Pantothenate, Biotin, Pyridoxine Hydrochloride (Vitamin B6), Riboflavin Supplement, Thiamine Mononitrate (Vitamin B1), Vitamin A Acetate, Vitamin B12 Supplement, Folic Acid, Vitamin D3 Supplement], DL-Methionine, Choline Chloride, Taurine, L-Lysine, Salt, Glucosamine Hydrochloride, Trace Minerals [Zinc Oxide, Zinc Proteinate, Ferrous Sulfate, Manganous Oxide, Manganese Proteinate, Copper Sulfate, Sodium Selenite, Calcium Iodate, Copper Proteinate], Marigold Extract (Tagetes Erecta L.), GLA Safflower Oil, Magnesium Oxide, Green Tea Extract, L-Carnitine, Chondroitin Sulfate, Rosemary Extract, Preserved With Mixed Tocopherols And Citric Acid","https://www.petsmart.com/dw/shop/v18_8/products/5336241?client_id=11d422c1-e017-4692-8ade-c0d36191da29&expand=prices,variations,availability,promotions,options",5.0,2,22.99,N/A,22.99,Adult,,,,,,,,,,,,,,,,,,,,,,,,,,,,,,,,,,,,,,,,,,,,,,,,,,,,,,,,,,,,,,,,,,,,,
Royal Canin® Veterinary Diet Recovery RS Adult Wet Dog Food,N/A,,,,N/A,"Water Sufficient For Processing, Chicken, Chicken Liver, Gelatin, Powdered Cellulose, Natural Flavors, Fish Oil, Vegetable Oil, Egg Product, Calcium Carbonate, Sodium Tripolyphosphate, Calcium Sulfate, Potassium Chloride, Casein, Guar Gum, Choline Chloride, Taurine, Vitamins[L-Ascorbyl-2-Polyphosphate (Source Of Vitamin C), DL-Alpha Tocopherol Acetate (Source Of Vitamin E), Thiamine Mononitrate (Vitamin B1), Biotin, Niacin Supplement, D-Calcium Pantothenate, Riboflavin Supplement, Pyridoxine Hydrochloride (Vitamin B6), Vitamin B12 Supplement, Folic Acid, Vitamin D3 Supplement], Carob Bean Gum, Inulin, Magnesium Oxide, Sodium Carbonate, Hydrolyzed Yeast, Trace Minerals[Zinc Oxide, Ferrous Sulfate, Zinc Proteinate, Copper Sulfate, Manganous Oxide, Sodium Selenite, Calcium Iodate], Marigold Extract (Tagetes Erecta L.), Carrageenan","https://www.petsmart.com/dw/shop/v18_8/products/5303184?client_id=11d422c1-e017-4692-8ade-c0d36191da29&expand=prices,variations,availability,promotions,options",4.625,16,,,,Adult,,,,,,,,,,,,,,,,,,,,,,,,,,,,,,,,,,,,,,,,,,,,,,,,,,,,,,,3.09,3.09,3.09,,,,,,,,,,,,
Royal Canin® Breed Health Nutrition Cavalier King Charles Dry Dog Food,N/A,,,,N/A,"Brewers Rice, Wheat Gluten, Chicken By-Product Meal, Corn, Chicken Fat, Wheat, Natural Flavors, Dried Plain Beet Pulp, Fish Oil, Pea Fiber, Dried Tomato Pomace, Vegetable Oil, Rice Hulls, Calcium Carbonate, Sodium Silico Aluminate, L-Lysine, Potassium Chloride, Vitamins [DL-Alpha Tocopherol Acetate (Source Of Vitamin E), Niacin Supplement, L-Ascorbyl-2-Polyphosphate (Source Of Vitamin C), D-Calcium Pantothenate, Biotin, Pyridoxine Hydrochloride (Vitamin B6), Riboflavin Supplement, Thiamine Mononitrate (Vitamin B1), Vitamin A Acetate, Folic Acid, Vitamin B12 Supplement, Vitamin D3 Supplement], Fructooligosaccharides, Sodium Tripolyphosphate, DL-Methionine, L-Arginine, Taurine, Potassium Citrate, Hydrolyzed Yeast, Choline Chloride, Salt, Marigold Extract (Tagetes Erecta L.), L-Tyrosine, Trace Minerals [Zinc Oxide, Ferrous Sulfate, Zinc Proteinate, Manganous Oxide, Manganese Proteinate, Copper Sulfate, Calcium Iodate, Sodium Selenite, Copper Proteinate], Glucosamine Hydrochloride, L-Carnitine, Magnesium Oxide, Green Tea Extract, Chondroitin Sulfate, Rosemary Extract, Preserved With Mixed Tocopherols And Citric Acid","https://www.petsmart.com/dw/shop/v18_8/products/5336262?client_id=11d422c1-e017-4692-8ade-c0d36191da29&expand=prices,variations,availability,promotions,options",5.0,41,,,,Adult,,,,,,,,,,,,,,,,,,,,,,,,,,,,,,,,,,,,,,,,,,,,,,,,,56.99,N/A,56.99,,,,,,,,,,,,,,,,,,
Royal Canin® Weight Care Medium Breed Dry Dog Food,N/A,,,,N/A,"Chicken By-Product Meal, Pea Fiber, Corn, Corn Gluten Meal, Wheat, Barley, Natural Flavors, Wheat Gluten, Chicken Fat, Brewers Rice, Dried Plain Beet Pulp, Powdered Cellulose, Fish Oil, Salt, Vegetable Oil, Psyllium Seed Husk, Potassium Chloride, Calcium Carbonate, Fructooligosaccharides, L-Lysine, Hydrolyzed Yeast, Choline Chloride, Taurine, Vitamins[DL-Alpha Tocopherol Acetate (Source Of Vitamin E), L-Ascorbyl-2-Polyphosphate (Source Of Vitamin C), Biotin, D-Calcium Pantothenate, Vitamin A Acetate, Pyridoxine Hydrochloride (Vitamin B6), Niacin Supplement, Folic Acid, Thiamine Mononitrate (Vitamin B1), Vitamin B12 Supplement, Riboflavin Supplement, Vitamin D3 Supplement], Trace Minerals[Zinc Proteinate, Zinc Oxide, Manganese Proteinate, Ferrous Sulfate, Manganous Oxide, Copper Sulfate, Calcium Iodate, Sodium Selenite, Copper Proteinate], DL-Methionine, Glucosamine Hydrochloride, Marigold Extract (Tagetes Erecta L.), L- Carnitine, Chondroitin Sulfate, Rosemary Extract, Preserved With Mixed Tocopherols And Citric Acid","https://www.petsmart.com/dw/shop/v18_8/products/5336244?client_id=11d422c1-e017-4692-8ade-c0d36191da29&expand=prices,variations,availability,promotions,options",4.4762,21,,,,Adult,99.99,N/A,99.99,,,,,,,,,,,,,,,,,,,,,,,,,,,,,,,,,,,,,,,,,,,,,,,,,,,,,,,,,,,,,,,,,,
Royal Canin Canine Advanced Mobility Support Adult Dry Dog Food,Other,,,,N/A,"Brewers Rice, Wheat, Chicken By-Product Meal, Corn, Corn Gluten Meal, Chicken Fat, Pea Fiber, Wheat Gluten, Natural Flavors, Fish Oil, Dried Plain Beet Pulp, Pork Digest (Source Of Collagen), Sodium Silico Aluminate, Potassium Chloride, Calcium Carbonate, Salt, L-Lysine, Choline Chloride, Taurine, Turmeric Extract, Vitamins [DL-Alpha Tocopherol Acetate (Source Of Vitamin E), L-Ascorbyl-2-Polyphosphate (Source Of Vitamin C), Biotin, D-Calcium Pantothenate, Vitamin A Acetate, Niacin Supplement, Pyridoxine Hydrochloride (Vitamin B6), Thiamine Mononitrate (Vitamin B1), Vitamin B12 Supplement, Riboflavin Supplement, Vitamin D3 Supplement, Folic Acid], Green Tea Extract, Marigold Extract (Tagetes Erecta L.), Trace Minerals [Zinc Oxide, Ferrous Sulfate, Manganous Oxide, Copper Sulfate, Sodium Selenite, Calcium Iodate], Rosemary Extract, Preserved With Mixed Tocopherols And Citric Acid","https://www.petsmart.com/dw/shop/v18_8/products/5325337?client_id=11d422c1-e017-4692-8ade-c0d36191da29&expand=prices,variations,availability,promotions,options",5.0,2,,,,,,,,,,,,,,103.99,103.99,103.99,,,,,,,,,,,,,,,,,,,,,,,,,,,,,,,,,,,,,,,,,,,,,,,,,,,,,,,,,
Royal Canin Veterinary Diet Adult Calm Small Breed Dry Dog Food,N/A,,,,N/A,"Brewers Rice, Chicken By-Product Meal, Corn, Chicken Fat, Wheat, Wheat Gluten, Dried Chicory Root, Natural Flavors, Salt, Vegetable Oil, Fish Oil, Calcium Sulfate, Potassium Chloride, Sodium Silico Aluminate, DL-Methionine, Fructooligosaccharides, Sodium Tripolyphosphate, Vitamins [DL-Alpha Tocopherol Acetate (Source Of Vitamin E), Niacin Supplement, L-Ascorbyl-2-Polyphosphate (Source Of Vitamin C), D-Calcium Pantothenate, Biotin, Pyridoxine Hydrochloride (Vitamin B6), Riboflavin Supplement, Thiamine Mononitrate (Vitamin B1), Vitamin A Acetate, Folic Acid, Vitamin B12 Supplement, Vitamin D3 Supplement], Taurine, Choline Chloride, Dried Hydrolyzed Casein, Marigold Extract (Tagetes Erecta L.), Trace Minerals [Zinc Proteinate, Zinc Oxide, Ferrous Sulfate, Manganese Proteinate, Manganous Oxide, Copper Sulfate, Calcium Iodate, Sodium Selenite, Copper Proteinate], L-Lysine, Magnesium Oxide, L-Tryptophan, Rosemary Extract, Preserved With Mixed Tocopherols And Citric Acid","https://www.petsmart.com/dw/shop/v18_8/products/5206383?client_id=11d422c1-e017-4692-8ade-c0d36191da29&expand=prices,variations,availability,promotions,options",4.5849,53,,,,Adult,,,,,,,,,,,,,,,,,,,,,,,,,,,,,,,59.99,59.99,59.99,,,,,,,,,,,,,,,,,,,,,,,,,,,,,,,,,,,,
